class,GRE Score,TOEFL Score,University_Rating,SOP,LOR,CGPA,Research,Chance_of_Admit
1,337,118,4,4,4,9.65,1,0.92
1,324,107,4,4,4,8.87,1,0.76
1,316,104,3,3,3,8.0,1,0.72
1,322,110,3,3,2,8.67,1,0.8
1,314,103,2,2,3,8.21,0,0.65
1,330,115,5,4,3,9.34,1,0.9
1,321,109,3,3,4,8.2,1,0.75
1,308,101,2,3,4,7.9,0,0.68
1,302,102,1,2,1,8.0,0,0.5
0,323,108,3,3,3,8.6,0,0.45
1,325,106,3,3,4,8.4,1,0.52
1,327,111,4,4,4,9.0,1,0.84
1,328,112,4,4,4,9.1,1,0.78
1,307,109,3,4,3,8.0,1,0.62
1,311,104,3,3,2,8.2,1,0.61
1,314,105,3,3,2,8.3,0,0.54
1,317,107,3,4,3,8.7,0,0.66
1,319,106,3,4,3,8.0,1,0.65
1,318,110,3,4,3,8.8,0,0.63
1,303,102,3,3,3,8.5,0,0.62
1,312,107,3,3,2,7.9,1,0.64
1,325,114,4,3,2,8.4,0,0.7
1,328,116,5,5,5,9.5,1,0.94
1,334,119,5,5,4,9.7,1,0.95
1,336,119,5,4,3,9.8,1,0.97
1,340,120,5,4,4,9.6,1,0.94
1,322,109,5,4,3,8.8,0,0.76
0,298,98,2,1,2,7.5,1,0.44
0,295,93,1,2,2,7.2,0,0.46
1,310,99,2,1,2,7.3,0,0.54
1,300,97,2,3,3,8.1,1,0.65
1,327,103,3,4,4,8.3,1,0.74
1,338,118,4,3,4,9.4,1,0.91
1,340,114,5,4,4,9.6,1,0.9
1,331,112,5,4,5,9.8,1,0.94
1,320,110,5,5,5,9.2,1,0.88
1,299,106,2,4,4,8.4,0,0.64
1,300,105,1,1,2,7.8,0,0.58
1,304,105,1,3,1,7.5,0,0.52
0,307,108,2,4,3,7.7,0,0.48
0,308,110,3,3,3,8.0,1,0.46
0,316,105,2,2,2,8.2,1,0.49
1,313,107,2,2,2,8.5,1,0.53
1,332,117,4,4,4,9.1,0,0.87
1,326,113,5,4,4,9.4,1,0.91
1,322,110,5,5,4,9.1,1,0.88
1,329,114,5,4,5,9.3,1,0.86
1,339,119,5,4,4,9.7,0,0.89
1,321,110,3,3,5,8.85,1,0.82
1,327,111,4,3,4,8.4,1,0.78
1,313,98,3,2,4,8.3,1,0.76
1,312,100,2,1,3,7.9,1,0.56
1,334,116,4,4,3,8.0,1,0.78
1,324,112,4,4,2,8.1,1,0.72
1,322,110,3,3,3,8.0,0,0.7
1,320,103,3,3,3,7.7,0,0.64
1,316,102,3,2,3,7.4,0,0.64
0,298,99,2,4,2,7.6,0,0.46
0,300,99,1,3,2,6.8,1,0.36
0,311,104,2,2,2,8.3,0,0.42
0,309,100,2,3,3,8.1,0,0.48
0,307,101,3,4,3,8.2,0,0.47
1,304,105,2,3,3,8.2,1,0.54
1,315,107,2,4,3,8.5,1,0.56
1,325,111,3,3,3,8.7,0,0.52
1,325,112,4,3,3,8.92,0,0.55
1,327,114,3,3,3,9.02,0,0.61
1,316,107,2,3,3,8.64,1,0.57
1,318,109,3,3,4,9.22,1,0.68
1,328,115,4,4,4,9.16,1,0.78
1,332,118,5,5,5,9.64,1,0.94
1,336,112,5,5,5,9.76,1,0.96
1,321,111,5,5,5,9.45,1,0.93
1,314,108,4,4,4,9.04,1,0.84
1,314,106,3,3,5,8.9,0,0.74
1,329,114,2,2,4,8.56,1,0.72
1,327,112,3,3,3,8.72,1,0.74
1,301,99,2,3,2,8.22,0,0.64
0,296,95,2,3,2,7.54,1,0.44
0,294,93,1,1,2,7.36,0,0.46
1,312,105,3,2,3,8.02,1,0.5
1,340,120,4,5,5,9.5,1,0.96
1,320,110,5,5,4,9.22,1,0.92
1,322,115,5,4,4,9.36,1,0.92
1,340,115,5,4,4,9.45,1,0.94
1,319,103,4,4,3,8.66,0,0.76
1,315,106,3,4,3,8.42,0,0.72
1,317,107,2,3,3,8.28,0,0.66
1,314,108,3,4,3,8.14,0,0.64
1,316,109,4,4,3,8.76,1,0.74
1,318,106,2,4,4,7.92,1,0.64
0,299,97,3,5,3,7.66,0,0.38
0,298,98,2,4,3,8.03,0,0.34
0,301,97,2,3,3,7.88,1,0.44
0,303,99,3,2,2,7.66,0,0.36
0,304,100,4,1,2,7.84,0,0.42
0,306,100,2,3,3,8.0,0,0.48
1,331,120,3,4,4,8.96,1,0.86
1,332,119,4,5,4,9.24,1,0.9
1,323,113,3,4,4,8.88,1,0.79
1,322,107,3,3,3,8.46,1,0.71
1,312,105,2,2,3,8.12,0,0.64
1,314,106,2,4,3,8.25,0,0.62
1,317,104,2,4,4,8.47,0,0.57
1,326,112,3,3,3,9.05,1,0.74
1,316,110,3,4,4,8.78,1,0.69
1,329,111,4,4,4,9.18,1,0.87
1,338,117,4,3,4,9.46,1,0.91
1,331,116,5,5,5,9.38,1,0.93
1,304,103,5,5,4,8.64,0,0.68
1,305,108,5,3,3,8.48,0,0.61
1,321,109,4,4,4,8.68,1,0.69
1,301,107,3,3,3,8.34,1,0.62
1,320,110,2,4,3,8.56,0,0.72
1,311,105,3,3,3,8.45,1,0.59
1,310,106,4,4,4,9.04,1,0.66
1,299,102,3,4,3,8.62,0,0.56
0,290,104,4,2,2,7.46,0,0.45
0,296,99,2,3,3,7.28,0,0.47
1,327,104,5,3,3,8.84,1,0.71
1,335,117,5,5,5,9.56,1,0.94
1,334,119,5,4,4,9.48,1,0.94
1,310,106,4,1,2,8.36,0,0.57
1,308,108,3,3,3,8.22,0,0.61
1,301,106,4,2,3,8.47,0,0.57
1,300,100,3,2,3,8.66,1,0.64
1,323,113,3,4,3,9.32,1,0.85
1,319,112,3,2,2,8.71,1,0.78
1,326,112,3,3,3,9.1,1,0.84
1,333,118,5,5,5,9.35,1,0.92
1,339,114,5,4,4,9.76,1,0.96
1,303,105,5,5,4,8.65,0,0.77
1,309,105,5,3,3,8.56,0,0.71
1,323,112,5,4,4,8.78,0,0.79
1,333,113,5,4,4,9.28,1,0.89
1,314,109,4,3,4,8.77,1,0.82
1,312,103,3,5,4,8.45,0,0.76
1,316,100,2,1,3,8.16,1,0.71
1,326,116,2,4,3,9.08,1,0.8
1,318,109,1,3,3,9.12,0,0.78
1,329,110,2,4,3,9.15,1,0.84
1,332,118,2,4,3,9.36,1,0.9
1,331,115,5,4,3,9.44,1,0.92
1,340,120,4,4,4,9.92,1,0.97
1,325,112,2,3,3,8.96,1,0.8
1,320,113,2,2,2,8.64,1,0.81
1,315,105,3,2,2,8.48,0,0.75
1,326,114,3,3,3,9.11,1,0.83
1,339,116,4,4,3,9.8,1,0.96
1,311,106,2,3,3,8.26,1,0.79
1,334,114,4,4,4,9.43,1,0.93
1,332,116,5,5,5,9.28,1,0.94
1,321,112,5,5,5,9.06,1,0.86
1,324,105,3,3,4,8.75,0,0.79
1,326,108,3,3,3,8.89,0,0.8
1,312,109,3,3,3,8.69,0,0.77
1,315,105,3,2,2,8.34,0,0.7
1,309,104,2,2,2,8.26,0,0.65
1,306,106,2,2,2,8.14,0,0.61
1,297,100,1,1,2,7.9,0,0.52
1,315,103,1,1,2,7.86,0,0.57
1,298,99,1,1,3,7.46,0,0.53
1,318,109,3,3,3,8.5,0,0.67
1,317,105,3,3,3,8.56,0,0.68
1,329,111,4,4,4,9.01,1,0.81
1,322,110,5,4,4,8.97,0,0.78
1,302,102,3,3,5,8.33,0,0.65
1,313,102,3,2,3,8.27,0,0.64
1,293,97,2,2,4,7.8,1,0.64
1,311,99,2,2,3,7.98,0,0.65
1,312,101,2,2,3,8.04,1,0.68
1,334,117,5,4,4,9.07,1,0.89
1,322,110,4,4,5,9.13,1,0.86
1,323,113,4,4,4,9.23,1,0.89
1,321,111,4,4,4,8.97,1,0.87
1,320,111,4,4,3,8.87,1,0.85
1,329,119,4,4,4,9.16,1,0.9
1,319,110,3,3,3,9.04,0,0.82
1,309,108,3,2,3,8.12,0,0.72
1,307,102,3,3,3,8.27,0,0.73
1,300,104,3,3,3,8.16,0,0.71
1,305,107,2,2,2,8.42,0,0.71
1,299,100,2,3,3,7.88,0,0.68
1,314,110,3,4,4,8.8,0,0.75
1,316,106,2,2,4,8.32,0,0.72
1,327,113,4,4,4,9.11,1,0.89
1,317,107,3,3,3,8.68,1,0.84
1,335,118,5,4,3,9.44,1,0.93
1,331,115,5,4,3,9.36,1,0.93
1,324,112,5,5,5,9.08,1,0.88
1,324,111,5,4,4,9.16,1,0.9
1,323,110,5,4,5,8.98,1,0.87
1,322,114,5,4,4,8.94,1,0.86
1,336,118,5,4,5,9.53,1,0.94
1,316,109,3,3,3,8.76,0,0.77
1,307,107,2,3,3,8.52,1,0.78
1,306,105,2,3,2,8.26,0,0.73
1,310,106,2,3,2,8.33,0,0.73
1,311,104,3,4,4,8.43,0,0.7
1,313,107,3,4,4,8.69,0,0.72
1,317,103,3,2,3,8.54,1,0.73
1,315,110,2,3,3,8.46,1,0.72
1,340,120,5,4,4,9.91,1,0.97
1,334,120,5,4,5,9.87,1,0.97
1,298,105,3,3,4,8.54,0,0.69
1,295,99,2,2,3,7.65,0,0.57
1,315,99,2,3,3,7.89,0,0.63
1,310,102,3,3,4,8.02,1,0.66
1,305,106,2,3,3,8.16,0,0.64
1,301,104,3,3,4,8.12,1,0.68
1,325,108,4,4,4,9.06,1,0.79
1,328,110,4,5,4,9.14,1,0.82
1,338,120,4,5,5,9.66,1,0.95
1,333,119,5,5,4,9.78,1,0.96
1,331,117,4,4,5,9.42,1,0.94
1,330,116,5,5,4,9.36,1,0.93
1,322,112,4,4,4,9.26,1,0.91
1,321,109,4,4,4,9.13,1,0.85
1,324,110,4,3,3,8.97,1,0.84
1,312,104,3,3,3,8.42,0,0.74
1,313,103,3,4,4,8.75,0,0.76
1,316,110,3,3,4,8.56,0,0.75
1,324,113,4,4,4,8.79,0,0.76
1,308,109,2,3,4,8.45,0,0.71
1,305,105,2,3,2,8.23,0,0.67
1,296,99,2,2,2,8.03,0,0.61
1,306,110,2,3,4,8.45,0,0.63
1,312,110,2,3,3,8.53,0,0.64
1,318,112,3,4,3,8.67,0,0.71
1,324,111,4,3,3,9.01,1,0.82
1,313,104,3,4,4,8.65,0,0.73
1,319,106,3,3,2,8.33,1,0.74
1,312,107,2,2,3,8.27,0,0.69
1,304,100,2,2,3,8.07,0,0.64
1,330,113,5,5,4,9.31,1,0.91
1,326,111,5,4,4,9.23,1,0.88
1,325,112,4,4,4,9.17,1,0.85
1,329,114,5,4,5,9.19,1,0.86
1,310,104,3,2,3,8.37,0,0.7
1,299,100,1,1,2,7.89,0,0.59
1,296,101,1,2,3,7.68,0,0.6
1,317,103,2,2,2,8.15,0,0.65
1,324,115,3,3,3,8.76,1,0.7
1,325,114,3,3,3,9.04,1,0.76
1,314,107,2,2,4,8.56,0,0.63
1,328,110,4,4,2,9.02,1,0.81
1,316,105,3,3,3,8.73,0,0.72
1,311,104,2,2,3,8.48,0,0.71
1,324,110,3,3,4,8.87,1,0.8
1,321,111,3,3,4,8.83,1,0.77
1,320,104,3,3,2,8.57,1,0.74
1,316,99,2,2,3,9.0,0,0.7
1,318,100,2,2,3,8.54,1,0.71
1,335,115,4,4,4,9.68,1,0.93
1,321,114,4,4,5,9.12,0,0.85
1,307,110,4,4,4,8.37,0,0.79
1,309,99,3,4,4,8.56,0,0.76
1,324,100,3,4,5,8.64,1,0.78
1,326,102,4,5,5,8.76,1,0.77
1,331,119,4,5,4,9.34,1,0.9
1,327,108,5,5,3,9.13,1,0.87
1,312,104,3,3,4,8.09,0,0.71
1,308,103,2,2,4,8.36,1,0.7
1,324,111,3,2,1,8.79,1,0.7
1,325,110,2,3,2,8.76,1,0.75
1,313,102,3,2,2,8.68,0,0.71
1,312,105,2,2,2,8.45,0,0.72
1,314,107,3,3,3,8.17,1,0.73
1,327,113,4,4,5,9.14,0,0.83
1,308,108,4,4,5,8.34,0,0.77
1,306,105,2,2,3,8.22,1,0.72
1,299,96,2,1,2,7.86,0,0.54
0,294,95,1,1,1,7.64,0,0.49
1,312,99,1,1,1,8.01,1,0.52
1,315,100,1,2,2,7.95,0,0.58
1,322,110,3,3,3,8.96,1,0.78
1,329,113,5,5,4,9.45,1,0.89
1,320,101,2,2,3,8.62,0,0.7
1,308,103,2,3,3,8.49,0,0.66
1,304,102,2,3,4,8.73,0,0.67
1,311,102,3,4,4,8.64,1,0.68
1,317,110,3,4,4,9.11,1,0.8
1,312,106,3,4,3,8.79,1,0.81
1,321,111,3,2,3,8.9,1,0.8
1,340,112,4,5,4,9.66,1,0.94
1,331,116,5,4,4,9.26,1,0.93
1,336,118,5,4,4,9.19,1,0.92
1,324,114,5,5,4,9.08,1,0.89
1,314,104,4,5,5,9.02,0,0.82
1,313,109,3,4,3,9.0,0,0.79
1,307,105,2,2,3,7.65,0,0.58
1,300,102,2,1,2,7.87,0,0.56
1,302,99,2,1,2,7.97,0,0.56
1,312,98,1,3,3,8.18,1,0.64
1,316,101,2,2,2,8.32,1,0.61
1,317,100,2,3,2,8.57,0,0.68
1,310,107,3,3,3,8.67,0,0.76
1,320,120,3,4,4,9.11,0,0.86
1,330,114,3,4,4,9.24,1,0.9
1,305,112,3,3,3,8.65,0,0.71
1,309,106,2,2,2,8.0,0,0.62
1,319,108,2,2,3,8.76,0,0.66
1,322,105,2,3,3,8.45,1,0.65
1,323,107,3,3,3,8.55,1,0.73
1,313,106,2,2,2,8.43,0,0.62
1,321,109,3,3,3,8.8,1,0.74
1,323,110,3,4,3,9.1,1,0.79
1,325,112,4,4,4,9.0,1,0.8
1,312,108,3,3,3,8.53,0,0.69
1,308,110,4,3,3,8.6,0,0.7
1,320,104,3,3,3,8.74,1,0.76
1,328,108,4,4,4,9.18,1,0.84
1,311,107,4,4,4,9.0,1,0.78
1,301,100,3,3,3,8.04,0,0.67
1,305,105,2,3,4,8.13,0,0.66
1,308,104,2,2,3,8.07,0,0.65
1,298,101,2,1,2,7.86,0,0.54
1,300,99,1,1,2,8.01,0,0.58
1,324,111,3,2,2,8.8,1,0.79
1,327,113,4,3,3,8.69,1,0.8
1,317,106,3,4,3,8.5,1,0.75
1,323,104,3,4,4,8.44,1,0.73
1,314,107,2,2,4,8.27,0,0.72
1,305,102,2,2,2,8.18,0,0.62
1,315,104,3,3,2,8.33,0,0.67
1,326,116,3,3,4,9.14,1,0.81
1,299,100,3,2,2,8.02,0,0.63
1,295,101,2,2,2,7.86,0,0.69
1,324,112,4,4,3,8.77,1,0.8
0,297,96,2,2,1,7.89,0,0.43
1,327,113,3,3,3,8.66,1,0.8
1,311,105,2,3,2,8.12,1,0.73
1,308,106,3,3,2,8.21,1,0.75
1,319,108,3,3,3,8.54,1,0.71
1,312,107,4,4,4,8.65,1,0.73
1,325,111,4,4,4,9.11,1,0.83
1,319,110,3,3,2,8.79,0,0.72
1,332,118,5,5,5,9.47,1,0.94
1,323,108,5,4,4,8.74,1,0.81
1,324,107,5,3,4,8.66,1,0.81
1,312,107,3,3,3,8.46,1,0.75
1,326,110,3,3,3,8.76,1,0.79
1,308,106,3,3,3,8.24,0,0.58
1,305,103,2,2,3,8.13,0,0.59
0,295,96,2,1,2,7.34,0,0.47
0,316,98,1,1,2,7.43,0,0.49
0,304,97,2,1,2,7.64,0,0.47
0,299,94,1,1,1,7.34,0,0.42
1,302,99,1,2,2,7.25,0,0.57
1,313,101,3,2,3,8.04,0,0.62
1,318,107,3,3,3,8.27,1,0.74
1,325,110,4,3,4,8.67,1,0.73
1,303,100,2,3,3,8.06,1,0.64
1,300,102,3,3,2,8.17,0,0.63
1,297,98,2,2,3,7.67,0,0.59
1,317,106,2,2,3,8.12,0,0.73
1,327,109,3,3,4,8.77,1,0.79
1,301,104,2,3,3,7.89,1,0.68
1,314,105,2,2,2,7.64,0,0.7
1,321,107,2,2,1,8.44,0,0.81
1,322,110,3,4,5,8.64,1,0.85
1,334,116,4,4,3,9.54,1,0.93
1,338,115,5,4,5,9.23,1,0.91
1,306,103,2,2,3,8.36,0,0.69
1,313,102,3,3,4,8.9,1,0.77
1,330,114,4,4,3,9.17,1,0.86
1,320,104,3,3,4,8.34,1,0.74
1,311,98,1,1,2,7.46,0,0.57
1,298,92,1,2,2,7.88,0,0.51
1,301,98,1,2,3,8.03,1,0.67
1,310,103,2,2,2,8.24,0,0.72
1,324,110,3,3,3,9.22,1,0.89
1,336,119,4,4,4,9.62,1,0.95
1,321,109,3,3,3,8.54,1,0.79
0,315,105,2,2,2,7.65,0,0.39
0,304,101,2,2,2,7.66,0,0.38
0,297,96,2,2,2,7.43,0,0.34
0,290,100,1,1,2,7.56,0,0.47
1,303,98,1,2,2,7.65,0,0.56
1,311,99,1,2,3,8.43,1,0.71
1,322,104,3,3,4,8.84,1,0.78
1,319,105,3,3,3,8.67,1,0.73
1,324,110,4,4,4,9.15,1,0.82
1,300,100,3,3,3,8.26,0,0.62
1,340,113,4,5,5,9.74,1,0.96
1,335,117,5,5,5,9.82,1,0.96
0,302,101,2,2,3,7.96,0,0.46
1,307,105,2,2,3,8.1,0,0.53
0,296,97,2,1,2,7.8,0,0.49
1,320,108,3,3,4,8.44,1,0.76
1,314,102,2,2,2,8.24,0,0.64
1,318,106,3,2,3,8.65,0,0.71
1,326,112,4,4,3,9.12,1,0.84
1,317,104,2,3,3,8.76,0,0.77
1,329,111,4,4,4,9.23,1,0.89
1,324,110,3,3,3,9.04,1,0.82
1,325,107,3,3,3,9.11,1,0.84
1,330,116,4,5,4,9.45,1,0.91
1,312,103,3,3,4,8.78,0,0.67
1,333,117,4,5,4,9.66,1,0.95
1,304,100,2,3,3,8.22,0,0.63
1,315,105,2,3,3,8.34,0,0.66
1,324,109,3,3,3,8.94,1,0.78
1,330,116,4,4,3,9.23,1,0.91
1,311,101,3,2,2,7.64,1,0.62
1,302,99,3,2,3,7.45,0,0.52
1,322,103,4,3,2,8.02,1,0.61
1,298,100,3,2,4,7.95,1,0.58
1,297,101,3,2,4,7.67,1,0.57
1,300,98,1,2,2,8.02,0,0.61
1,301,96,1,3,4,7.56,0,0.54
1,313,94,2,2,1,8.13,0,0.56
1,314,102,4,2,2,7.88,1,0.59
0,317,101,3,3,2,7.94,1,0.49
1,321,110,4,3,4,8.35,1,0.72
1,327,106,4,4,4,8.75,1,0.76
1,315,104,3,4,2,8.1,0,0.65
1,316,103,3,3,2,7.68,0,0.52
1,309,111,2,2,4,8.03,0,0.6
1,308,102,2,2,3,7.98,1,0.58
0,299,100,3,2,3,7.42,0,0.42
1,321,112,3,3,4,8.95,1,0.77
1,322,112,4,3,2,9.02,1,0.73
1,334,119,5,4,5,9.54,1,0.94
1,325,114,5,4,5,9.46,1,0.91
1,323,111,5,4,5,9.86,1,0.92
1,312,106,3,3,5,8.57,0,0.71
1,310,101,3,3,5,8.65,1,0.71
1,316,103,2,2,4,8.74,0,0.69
1,340,115,5,5,4,9.06,1,0.95
1,311,104,3,4,3,8.13,1,0.74
1,320,112,2,3,3,8.78,1,0.73
1,324,112,4,4,4,9.22,1,0.86
1,316,111,4,4,5,8.54,0,0.71
1,306,103,3,3,3,8.21,0,0.64
1,309,105,2,2,4,7.68,0,0.55
1,310,110,1,1,4,7.23,1,0.58
1,317,106,1,1,3,7.65,1,0.61
1,318,110,1,2,3,8.54,1,0.67
1,312,105,2,1,3,8.46,0,0.66
1,305,104,2,2,1,7.79,0,0.53
1,332,112,1,1,3,8.66,1,0.79
1,331,116,4,4,4,9.44,1,0.92
1,321,114,5,4,4,9.16,1,0.87
1,324,113,5,4,5,9.25,1,0.92
1,328,116,5,4,5,9.08,1,0.91
1,327,118,4,5,5,9.67,1,0.93
1,320,108,3,3,5,8.97,1,0.84
1,312,109,2,2,4,9.02,0,0.8
1,315,101,3,3,4,9.13,0,0.79
1,320,112,4,3,4,8.86,1,0.82
1,324,113,4,4,4,9.25,1,0.89
1,328,116,4,5,3,9.6,1,0.93
1,319,103,3,2,4,8.76,1,0.73
1,310,105,2,3,3,8.01,0,0.71
1,305,102,2,1,2,7.64,0,0.59
1,299,100,2,2,2,7.88,0,0.51
0,295,99,1,2,1,7.57,0,0.37
1,312,100,1,3,3,8.53,1,0.69
1,329,113,4,4,3,9.36,1,0.89
1,319,105,4,4,4,8.66,1,0.77
1,301,102,3,2,2,8.13,1,0.68
1,307,105,4,3,3,7.94,0,0.62
1,304,107,3,3,3,7.86,0,0.57
0,298,97,2,2,3,7.21,0,0.45
1,305,96,4,3,4,8.26,0,0.54
1,314,99,4,3,4,8.73,1,0.71
1,318,101,5,3,5,8.78,1,0.78
1,323,110,4,4,5,8.88,1,0.81
1,326,114,4,4,3,9.16,1,0.86
1,320,110,5,4,4,9.27,1,0.87
1,311,103,3,2,4,8.09,0,0.64
1,327,116,4,4,4,9.48,1,0.9
1,316,102,2,4,3,8.15,0,0.67
1,308,105,4,3,2,7.95,1,0.67
1,300,101,3,3,2,7.88,0,0.59
1,304,104,3,2,2,8.12,0,0.62
1,309,105,4,3,2,8.18,0,0.65
1,318,103,3,4,4,8.49,1,0.71
1,325,110,4,4,4,8.96,1,0.79
1,321,102,3,3,4,9.01,1,0.8
1,323,107,4,3,2,8.48,1,0.78
1,328,113,4,4,2,8.77,1,0.83
1,304,103,5,5,3,7.92,0,0.71
1,317,106,3,3,3,7.89,1,0.73
1,311,101,2,2,3,8.34,1,0.7
1,319,102,3,2,2,8.37,0,0.68
1,327,115,4,3,4,9.14,0,0.79
1,322,112,3,3,4,8.62,1,0.76
1,302,110,3,4,4,8.5,0,0.65
1,307,105,2,2,4,8.12,1,0.67
1,297,99,4,3,3,7.81,0,0.54
1,298,101,4,2,4,7.69,1,0.53
1,300,95,2,3,1,8.22,1,0.62
1,301,99,3,2,2,8.45,1,0.68
1,332,108,5,4,4,9.02,1,0.87
1,337,117,5,5,5,9.87,1,0.96
1,330,120,5,4,5,9.56,1,0.93
1,312,103,4,4,5,8.43,0,0.73
1,327,113,4,4,4,9.04,0,0.84
0,321,105,3,3,2,8.401647514870351,0,0.4620213627351302
0,298,97,2,3,3,7.99009553915975,0,0.3666029738934995
0,294,93,1,1,2,7.214042684489441,0,0.46
0,309,105,2,2,2,8.087243307266755,0,0.4412756692733245
0,310,102,2,2,2,8.201363401710708,0,0.4495909794867876
0,298,97,2,3,3,7.819951433759202,0,0.36817724669083873
0,295,96,1,1,1,7.343863565931396,0,0.46832018872548
0,305,100,3,2,2,8.044404649531195,0,0.44838953465711046
0,311,104,2,2,2,8.288876464677015,0,0.42778647472608994
0,307,100,2,3,3,8.17370539270557,0,0.4726294607294429
0,293,100,2,2,3,7.351410179406444,0,0.4620655356215062
0,302,100,2,2,3,7.9321370378350355,0,0.4507123459450118
0,302,101,2,2,3,7.953061961807758,0,0.45814985648206885
0,299,98,1,3,2,7.373144186741211,0,0.3506805823294112
0,304,99,3,1,2,7.800326223184139,0,0.4299184442039653
0,309,100,2,2,2,8.09491924667403,0,0.4789838493348061
0,298,94,1,1,1,7.374768665070822,0,0.3890945199370469
0,304,97,2,1,2,7.661168143774757,0,0.46470796405631054
0,297,97,2,2,3,7.244259505966609,0,0.45978843027617394
0,306,100,2,3,3,8.121410729408819,0,0.473929463529559
0,322,107,2,3,2,8.528083356116408,0,0.45245868867978095
0,297,94,1,1,1,7.425616908345647,0,0.4285616908345647
0,305,100,3,1,2,7.920699884564649,0,0.4386230502841498
0,298,97,2,2,3,7.317323817327964,0,0.4483981519801796
0,304,100,3,1,2,7.890022963567652,0,0.4387586113378698
0,315,103,2,2,2,7.7918484254847495,0,0.43891325016715504
0,296,98,2,2,3,7.362422753352403,0,0.4731701058981693
0,304,100,2,1,2,7.6891939058014644,0,0.3864875346225476
0,298,94,1,1,1,7.361039887702504,0,0.4221039887702504
0,296,96,2,2,2,7.67784140143457,0,0.46650796181434045
0,298,97,2,2,3,7.232538941195801,0,0.4467801512577426
0,298,97,2,3,3,7.817332211908026,0,0.368528605719655
0,296,96,2,1,2,7.723887737548536,0,0.459143677384542
0,295,99,1,2,3,7.325327061635944,0,0.45436997874622637
0,296,97,2,1,2,7.756991298116803,0,0.48283188301946733
0,296,98,2,2,3,7.262187741960707,0,0.4649107834173449
0,313,104,2,2,2,7.970591885609913,0,0.40479654856661135
0,294,95,1,1,1,7.413545573270964,0,0.47490303821806423
0,316,101,2,2,2,7.874664580598511,0,0.46747054503396923
0,314,98,1,1,2,7.52692585964107,0,0.4885533453784915
0,305,99,2,2,2,7.891990772663343,0,0.4418790962341209
0,302,101,2,2,3,7.8809956376140615,0,0.43893217003041646
0,315,99,1,1,2,7.464235136746981,0,0.47443857420591756
0,298,97,2,4,3,7.921870169125931,0,0.35168971144584527
0,307,100,2,3,3,8.046076243556797,0,0.48
0,311,104,2,2,2,8.299129909386838,0,0.4206090634292139
0,292,101,2,2,2,7.506323185242225,0,0.41631041073292746
0,295,95,2,2,2,7.469285209052953,0,0.45060721864205705
0,315,103,2,2,2,7.7434063472063155,0,0.42220908524355705
0,298,97,2,4,3,8.021965063449407,0,0.3408686417892532
0,298,97,2,1,2,7.310109087704662,0,0.4465479624929427
0,298,98,2,1,2,7.515313323570447,0,0.4430626647140894
0,306,104,2,3,3,7.841692592863436,0,0.48
0,296,96,2,2,1,7.857942060719206,0,0.45137195952052883
0,296,95,2,2,2,7.529755687610995,0,0.43068698873726785
0,290,102,3,1,2,7.50972664443442,0,0.455850193462873
0,304,101,2,2,2,7.796650684859875,0,0.4027751141433126
0,307,100,2,3,3,8.036762440392023,0,0.48
0,316,104,2,2,2,8.157575851298105,1,0.49
0,316,98,1,1,2,7.506629244525169,0,0.49
0,316,103,1,2,2,8.032432756066516,0,0.49
0,295,96,2,1,2,7.756543834527614,0,0.48811060150120056
0,294,94,1,1,1,7.596239066755174,0,0.4853113285809115
0,294,93,1,1,2,7.2734451944685965,0,0.46
0,309,99,1,2,2,8.068232966784716,0,0.4804741348241087
0,303,98,2,1,2,7.654973683022487,0,0.38764474337632354
0,305,100,2,2,2,7.89740221690016,0,0.4498241814412235
0,307,100,2,3,3,8.168121894782065,0,0.47318781052179354
0,296,95,2,2,2,7.434507150890937,0,0.34409740990085247
0,298,99,2,1,2,7.421878391435038,0,0.42046959785875937
0,294,99,2,1,2,7.688812342147085,0,0.4769190990761277
0,295,93,1,2,2,7.344900136029511,0,0.45147646258649937
0,301,100,1,2,3,7.833325576770537,0,0.4490797911009084
0,305,100,2,2,2,7.9211271479435394,0,0.456802102336335
0,311,107,2,3,2,8.091682979559812,1,0.47375244693397184
0,295,94,1,2,2,7.428752736388443,0,0.44654395668303276
0,300,97,2,3,3,7.866183510909307,0,0.4362318666116294
0,297,99,1,3,1,7.5901757329247,0,0.4305271987741
0,303,100,2,2,2,7.66,0,0.37180629460816367
0,298,98,2,3,2,7.582260336188484,0,0.4564520672376968
0,298,97,2,4,3,7.657075883463572,0,0.3838988220485708
0,296,97,2,1,2,7.572736533024087,0,0.4745923073236669
0,296,96,2,2,1,7.860129996966582,0,0.44991333535561195
0,306,101,2,3,2,8.11314475957196,0,0.45552412659532654
0,299,99,1,3,2,7.007531298446834,0,0.3859414123058542
0,296,99,1,3,1,7.587443616690582,0,0.42233085007174515
0,296,95,2,2,2,7.544651821684181,0,0.4408945810931118
0,298,96,2,4,3,7.61119323224225,0,0.3715118664769132
0,296,96,2,2,1,7.8780905757382005,0,0.43793961617453253
0,303,97,2,1,2,7.6442199766992225,0,0.446790128154275
0,303,99,3,1,2,7.779950029811344,0,0.3999833432704479
0,299,99,1,2,2,6.857708730006604,0,0.3655847158070907
0,297,96,2,2,1,7.523302707050993,0,0.35825487746649876
0,304,98,2,1,2,7.739052394699833,0,0.4452369013250418
0,298,97,2,4,3,7.650512801367183,0,0.39264959817708905
0,309,109,2,3,2,8.025062645846312,1,0.4637593968769468
0,295,94,1,2,2,7.512304911154632,0,0.44162912287325695
0,296,98,2,3,3,7.653404508947519,0,0.40527655178243005
0,303,99,3,1,2,7.786979675257187,0,0.40232655841906223
0,292,100,3,1,2,7.4026845305113165,0,0.45955257824811396
0,304,99,3,2,2,7.829778156461797,0,0.39458443927925496
0,297,96,2,2,1,7.772511629806643,0,0.4334555402998046
0,295,96,2,1,2,7.361522303242268,0,0.4389122286500577
0,297,96,2,2,2,7.464807471139045,0,0.38972495877006397
0,316,102,1,2,2,7.954107846932734,0,0.49
0,295,95,1,2,1,7.543965480480513,0,0.4419827402402564
0,298,98,2,4,2,7.619769049241778,0,0.4336412676776294
0,294,94,1,1,1,7.593261371383253,0,0.4849922897910629
0,296,98,2,3,3,7.337413787397649,0,0.46004827685107424
0,295,96,1,1,1,7.746662702216813,0,0.49
0,294,93,1,1,2,7.336935372346998,0,0.46
0,296,99,1,3,1,7.587976006397618,0,0.42392801919285494
0,315,103,1,1,2,7.5919191068350225,0,0.4164004059840808
0,298,98,1,2,2,7.220555588809023,1,0.40806349586388835
0,312,104,2,2,2,8.262133982341826,0,0.4465062123607215
0,303,97,2,1,2,7.6485348746686155,0,0.42305818932261324
0,298,98,2,2,2,7.73377484475094,0,0.3958915387262377
0,303,98,2,1,2,7.651915281116166,0,0.40446595386108647
0,295,95,2,2,2,7.449951925762507,0,0.4535072111356239
0,295,99,1,2,2,7.432331903915856,0,0.4174717572703943
0,298,97,2,3,3,7.507858652793647,0,0.4036664317876549
0,304,99,3,2,2,7.854558466824979,0,0.39963228027916226
0,306,100,2,3,3,8.021742547209612,0,0.48
0,302,100,2,2,3,7.932547274741501,0,0.4508490915805005
0,302,101,2,2,3,7.923720263582577,0,0.4503254036220207
0,297,99,2,3,2,7.485806934181361,0,0.46356853330683245
0,296,95,2,2,1,7.559177529888097,0,0.4394520705746258
0,306,107,2,3,3,7.725466487732856,0,0.48
0,297,97,2,2,3,7.231038415758149,0,0.4560109759308997
0,295,99,2,2,3,7.296008058574263,0,0.4682213268250819
0,312,100,2,3,2,8.031723786884733,0,0.4842672633197042
0,296,95,2,2,1,7.847359626464906,0,0.431218296386717
0,294,93,1,1,2,7.268154812653928,0,0.46
0,316,99,1,2,2,7.669023635467431,0,0.49
0,303,99,2,2,2,7.729347396944577,0,0.38447555186279203
0,295,99,1,2,3,7.327220199017982,0,0.4537171727524199
0,296,98,1,1,1,7.5446450811126216,0,0.39535491888737867
0,293,100,2,2,1,7.5270754214344615,0,0.401217875320392
0,298,98,1,1,2,7.402040674255735,1,0.42880464848636973
0,316,98,1,1,2,7.444286684361825,0,0.49
0,302,101,2,2,3,7.834150623462441,0,0.42644016625665104
0,297,96,2,2,1,7.735060090730279,0,0.39968566992548943
0,306,101,2,3,2,8.153073172353876,0,0.4621788620589794
0,304,100,2,1,2,7.655486427538272,0,0.40031107607777516
0,295,95,2,2,2,7.432951664723413,0,0.45605725029148797
0,294,95,1,1,1,7.586499416084752,0,0.4864332944056502
0,298,97,2,2,3,7.427618891146425,0,0.420807221919382
0,306,101,2,3,2,8.074089517005676,0,0.44901491950094624
0,316,99,2,2,2,7.686525843242983,0,0.49
0,300,97,2,3,3,7.8493526307984585,0,0.4316416265813978
0,320,105,3,3,2,8.337464790250483,0,0.4659112248333041
0,298,97,2,2,3,7.24279288756059,0,0.4448988841572416
0,299,98,1,3,2,6.980166886943419,0,0.3570704571228712
0,298,98,2,2,3,7.334408944231101,0,0.4322272936812713
0,314,104,2,2,2,7.785253762478586,0,0.3962424813451655
0,294,94,1,1,1,7.609802589309048,0,0.4879410856347078
0,310,108,2,2,2,7.862100987894463,0,0.4324201975788926
0,296,97,2,1,2,7.714616626666154,0,0.4842112967231291
0,297,96,2,2,1,7.766493029883122,0,0.433632557944614
0,315,105,2,2,2,8.07055166410641,0,0.4664639389284383
0,297,96,2,2,1,7.6738080882892925,0,0.4363585856385502
0,295,96,2,1,1,7.503269832290626,0,0.4581258303788635
0,310,102,2,2,2,8.217134712044613,0,0.4448595863866163
0,303,98,2,1,2,7.651321156267852,0,0.4077336405268115
0,295,96,2,1,2,7.454079716575315,0,0.4749599876771876
0,307,101,2,4,3,8.173800595355459,0,0.4705239880928908
0,315,100,2,3,2,7.97356454936262,0,0.48790221566483627
0,299,99,2,2,2,7.228436902506877,0,0.4014616357264719
0,297,96,2,2,2,7.428652940290322,0,0.34067352985483923
0,306,100,3,2,2,7.9478528366668115,0,0.44488911615387966
0,302,100,2,2,3,7.9556027383013825,0,0.4585342461004609
0,296,96,2,2,1,7.680807611413091,0,0.4452139918972297
0,295,94,1,2,2,7.295320677440132,0,0.41026747263993146
0,291,98,1,1,1,7.586572759857228,0,0.4766431899643071
0,300,97,1,3,2,7.822624596213464,1,0.4357499700898862
0,295,96,2,1,2,7.440752803963499,0,0.47438055669406515
0,298,97,2,4,3,7.745691573800218,0,0.3707360460756521
0,298,97,2,4,3,7.85695720387438,0,0.35870732931087784
0,300,100,2,2,3,7.776914046305639,0,0.4464380775041214
0,297,96,2,2,1,7.494484322429428,0,0.35261649786662724
0,298,98,2,2,2,7.535329356936216,0,0.44706587138724313
0,294,93,1,1,1,7.40035462903924,0,0.4736605428890391
0,295,99,1,2,1,7.564726719448223,0,0.3718183726040612
0,297,96,2,2,2,7.3652085683218775,0,0.37239571583906117
0,316,105,2,2,2,7.78262588892379,0,0.39837637193202885
0,298,97,2,4,3,7.825334583772951,0,0.36212599094346476
0,298,99,2,2,3,7.6012857771947,0,0.396224816105613
0,297,96,2,2,2,7.473634325923752,0,0.3475885784215221
0,311,104,2,2,2,8.28580708894422,0,0.4299350377390466
0,310,101,2,2,2,7.958912740015241,0,0.4517825480030481
0,295,94,1,2,2,7.5072398980694866,0,0.4436400113256126
0,298,97,2,3,3,7.3832789690369465,0,0.4230454937053639
0,296,95,2,2,2,7.503313360194983,0,0.4066485092681658
0,307,107,2,3,3,7.809452056822833,0,0.4690547943177167
0,304,98,2,1,2,7.646659610972498,0,0.440031750623758
0,315,105,2,2,2,7.767275758848573,0,0.4113228652451952
0,295,96,2,1,1,7.57090304317004,0,0.45320705140581524
0,296,95,2,2,2,7.500281632447718,0,0.40389239313428943
0,296,95,2,2,1,7.611587202251458,0,0.43795465136424405
0,295,98,1,1,1,7.627212660411793,0,0.3998500836931095
0,296,96,2,2,1,7.881962361732179,0,0.43058455551038693
0,290,103,3,2,2,7.462115173294341,0,0.4484616921495701
0,291,101,3,1,2,7.418144605686576,0,0.45697589905223723
0,298,98,2,4,2,7.978309985929425,0,0.3544251202057418
0,294,96,1,1,2,7.369327335860225,0,0.47
0,298,98,2,4,2,7.679281011621355,0,0.4378750665242728
0,297,95,1,2,1,7.8716749841271865,0,0.4296668178932216
0,311,103,1,1,2,8.28839081504921,0,0.42093407235236246
0,298,97,2,1,2,7.233630512906164,0,0.44918515472737364
0,316,104,2,2,2,8.189825993432846,1,0.49
0,302,98,2,2,2,7.712428983844143,0,0.37906508503423375
0,298,98,1,3,2,7.710993792220009,0,0.3451870928094308
0,295,99,1,2,1,7.570610660038865,0,0.37183198011659335
0,298,94,1,1,1,7.3081255487786505,0,0.42735564258954206
0,294,93,1,1,2,7.326634759197694,0,0.46
0,304,100,3,2,2,7.919824052107976,0,0.4310866739038856
0,304,97,2,1,2,7.691660217750898,0,0.4570849455622755
0,298,97,2,1,2,7.220518652071741,0,0.44963728785959517
0,304,97,2,1,2,7.677729443645324,0,0.46056763908866893
0,305,100,3,2,2,8.026567711193879,0,0.44591218211026096
0,320,106,2,3,2,8.428622486835113,0,0.46713775131648855
0,298,97,2,1,2,7.411108751581145,0,0.4430652154627191
0,297,96,2,2,1,7.451947928575712,0,0.3442941599387263
0,296,97,2,1,2,7.73385943671396,0,0.4855158940145058
0,294,94,1,1,2,7.350120844506467,0,0.4649395777467665
0,300,98,1,3,2,7.2411723393883705,1,0.3926794325472867
0,298,97,2,4,2,7.639985248959802,0,0.406686334720263
0,316,100,2,2,2,7.869398829717973,0,0.49
0,307,108,2,3,3,7.799877728480472,0,0.4733414847679685
0,290,102,2,1,2,7.494037231506009,0,0.45680744630120174
0,315,101,2,2,2,8.009431118974774,0,0.476499504643794
0,315,105,2,2,2,8.090518484377895,0,0.4700942698868902
0,294,94,1,1,1,7.475907833815555,0,0.4788118977601515
0,302,97,2,2,2,7.741404834499945,0,0.4573243956875069
0,307,101,2,3,2,8.209445180072489,0,0.4652774099637551
0,316,104,2,2,2,8.14148496198487,1,0.49
0,292,96,1,1,1,7.611511527434384,0,0.48287788185859604
0,295,93,1,2,2,7.20988119494908,0,0.45484459393961063
0,302,100,2,2,3,7.908558980542961,0,0.4428529935143202
0,306,100,2,3,3,8.00066690693503,0,0.48
0,294,93,1,1,1,7.480693174422978,0,0.4729314115453191
0,296,95,1,2,2,7.415859274189953,0,0.364241244245795
0,298,97,2,2,3,7.410590076822762,0,0.4230915750603611
0,294,94,1,1,1,7.587522500899817,0,0.4843774108106947
0,318,106,2,2,2,8.492111547438936,0,0.43921115474389355
0,299,98,1,2,2,7.077611468423705,1,0.39172702496270917
0,295,96,2,1,2,7.531182266839103,0,0.47831227247126534
0,297,97,2,2,3,7.215524239591302,0,0.4515783541689433
0,294,95,1,1,1,7.3928620929460385,0,0.47352413952973593
0,307,100,2,3,3,8.165833998621274,0,0.47341660013787246
0,316,104,2,2,2,8.175488340535814,1,0.49
0,294,96,2,1,2,7.347698496096125,0,0.4687169173173124
0,315,104,2,2,2,8.216278057717801,0,0.478605359597539
0,302,100,2,2,3,7.944419969758822,0,0.45480665658627395
0,297,98,2,3,3,7.976413264841385,0,0.34928836742749314
0,308,100,2,2,2,8.063212468938676,0,0.4716391974860628
0,297,96,2,2,1,7.701958894336137,0,0.43553062075481946
0,296,95,1,2,2,7.382817509383118,0,0.3646169516261992
0,302,98,2,2,2,7.713661231324659,0,0.37951317502714865
0,297,96,2,2,2,7.423627851291611,0,0.34318607435419424
0,299,99,1,2,2,6.977265877142303,0,0.3771547623040938
0,320,106,2,3,2,8.451632542021951,0,0.46483674579780493
0,295,96,2,1,2,7.382002072908242,0,0.4093303391325395
0,296,99,2,3,3,7.308924550848108,0,0.4690961077859966
0,305,100,2,2,2,7.932536424072166,0,0.45470115902706204
0,307,108,2,3,3,7.763177355068554,0,0.4757881763287631
0,304,101,2,2,2,7.663053667116224,0,0.38763416779055926
0,311,104,2,2,2,8.219281807178401,0,0.4162745449466954
0,304,100,2,2,2,7.6709655973187925,0,0.3832251756819978
0,294,95,1,1,1,7.378335586390947,0,0.4725557057593965
0,295,94,1,2,2,7.535699911471069,0,0.4404777876143256
0,310,102,2,2,2,8.20143115211284,0,0.4495706543661484
0,306,101,2,3,2,8.090750573974164,0,0.4517917623290274
0,313,101,1,1,2,7.910615603606837,0,0.45132977902013954
0,294,94,1,1,1,7.464465807307507,0,0.4780317595891482
0,298,99,2,1,2,7.457129544456171,0,0.4292823861140427
0,303,99,3,1,2,7.775479865445872,0,0.3984932884819575
0,298,97,2,4,3,7.945989021686868,0,0.349082267925744
0,306,100,2,3,3,8.196899872784458,0,0.47015500636077706
0,322,107,2,3,2,8.541706510475612,0,0.4463183059247755
0,298,97,2,1,2,7.343150854523083,0,0.445408591223342
0,298,97,2,3,3,7.840077766301539,0,0.36547737281320813
0,294,93,1,1,2,7.346392772006107,0,0.46
0,295,93,1,1,1,7.211408021546018,0,0.4567405652725663
0,295,96,2,1,2,7.4911267681070735,0,0.4765707290481336
0,297,96,2,2,1,7.836252523768237,0,0.41948418943291593
0,316,103,2,2,2,8.116608590859185,1,0.49
0,296,96,2,1,1,7.829091298136931,0,0.4706058012420457
0,302,99,2,2,2,7.744305977432721,0,0.38810199247757354
0,295,94,1,2,2,7.453759877310322,0,0.44507294839351047
0,301,97,2,2,2,7.829033815277848,0,0.44637077309026907
0,294,93,1,1,1,7.364469689446443,0,0.46047889529783315
0,304,100,2,2,2,7.723934621275742,0,0.39880430037521825
0,297,96,2,2,1,7.777897238610381,0,0.43329714004087116
0,299,97,2,2,3,7.52586768789611,0,0.445285556897073
0,298,98,2,2,2,7.7269589000096675,0,0.39717756603591176
0,297,95,1,1,1,7.392546597036424,0,0.37329191374540077
0,297,96,2,2,2,7.428177811563459,0,0.4435830055422512
0,295,99,1,2,3,7.351988867309852,0,0.4451762526517754
0,314,104,2,2,2,7.670631544319423,0,0.39412630886388444
0,296,96,2,2,2,7.452431231749202,0,0.3490937426010279
0,309,100,2,2,2,8.116204921486139,0,0.47513852355415814
0,306,100,2,3,3,8.084776740729895,0,0.4757611629635052
0,295,93,1,2,2,7.355106773628385,0,0.4508760721395068
0,304,97,2,1,2,7.640815275608402,0,0.4663312597621896
0,316,102,2,2,2,8.031818996206736,1,0.49
0,303,97,2,1,2,7.6453770863732275,0,0.4404260249472497
0,322,107,2,3,2,8.54801943841831,0,0.45519805615816894
0,309,101,2,2,2,8.165368084273222,0,0.4603895747180331
0,303,99,2,2,2,7.665667130449361,0,0.3620001636880097
0,320,105,3,3,2,8.357759843009614,0,0.46468122163578096
0,316,99,1,2,2,7.648831887117229,0,0.49
0,304,97,2,1,2,7.7088904315425975,0,0.47191362309840545
0,294,95,1,2,1,7.601819473878549,0,0.4709097369392746
0,309,100,2,2,2,8.070186071346996,0,0.4740372142693992
0,292,99,2,1,2,7.390428547424502,0,0.46159524209591635
0,304,99,2,2,2,7.869015883767382,0,0.4337703119178994
0,295,95,1,2,1,7.544012815471253,0,0.44200640773562644
0,294,93,1,1,2,7.250531788612137,0,0.46
0,317,106,2,2,2,8.457721065288059,0,0.43577210652880594
0,298,97,2,2,3,7.264103551785454,0,0.4422709211735066
0,295,95,2,2,2,7.450556814228907,0,0.45341647786566386
0,304,101,2,2,2,7.664849785775832,0,0.3921244644395794
0,300,98,1,3,2,7.172611868771702,1,0.3876008791682743
0,294,94,1,1,2,7.34849356912166,0,0.46575321543917003
0,298,99,2,3,2,7.554976649334462,0,0.4499948109632138
0,315,105,2,2,2,7.945262870845723,0,0.44368415833558605
0,303,99,2,2,2,7.684231295437828,0,0.36855222191923337
0,297,96,2,2,1,7.674204592508142,0,0.387779159403767
0,295,96,2,1,2,7.384983634338243,0,0.4050236392892039
0,296,96,2,2,1,7.85185624848175,0,0.45542916767883335
0,302,100,2,2,3,7.924728540869982,0,0.4482428469566606
0,309,102,2,2,2,8.2630851711303,0,0.43845741443485003
0,297,97,2,1,2,7.289639414785201,0,0.4553992823583188
0,315,99,1,1,2,7.475847907174324,0,0.46916004219348917
0,303,97,2,1,2,7.648755757431722,0,0.42184333412552766
0,306,102,2,3,3,7.8959218447692905,0,0.48
0,306,100,2,3,3,8.120510597847971,0,0.4739744701076014
0,322,107,2,3,2,8.546883362245895,0,0.4553116637754105
0,296,95,1,2,2,7.422450302849497,0,0.3529423379722907
0,295,94,1,2,2,7.500773084537832,0,0.4443585461624631
0,296,95,2,2,1,7.583988964776486,0,0.43874317243495753
0,298,98,2,4,2,7.932807661692864,0,0.3671234432485027
0,300,97,1,3,2,7.750755782035309,1,0.4304263542248377
0,299,100,2,2,3,7.563667491747966,0,0.4306420364257752
0,299,99,1,3,2,6.813275555753537,0,0.3616594444691922
0,298,98,2,4,2,7.957332700422115,0,0.36027924639382813
0,297,96,2,2,1,7.563315875774135,0,0.36608354091233086
0,309,106,2,2,2,8.17241769066912,0,0.43701097457745075
0,299,99,2,2,2,7.394186544151137,0,0.4175019236275294
0,315,100,1,1,2,7.519479313373976,0,0.4493275848300109
0,315,100,1,1,2,7.518996622989642,0,0.449546989550163
0,294,94,1,1,1,7.628575534555641,0,0.4892210591742483
0,311,107,2,2,2,7.802931089852571,0,0.4205862179705142
0,297,96,2,2,2,7.464345809404271,0,0.38906544200610166
0,297,96,2,2,2,7.5006820174682165,0,0.44145052889799363
0,297,99,1,3,1,7.594082351012383,0,0.44224705303714973
0,302,100,2,2,3,7.915814795880061,0,0.44527159862668686
0,308,100,2,2,2,8.059604179672913,0,0.470677887616826
0,295,94,1,2,2,7.4163052114941195,0,0.4472761640297577
0,296,96,2,2,1,7.859531021775134,0,0.45031265214991034
0,294,95,1,1,1,7.443488154845164,0,0.4768992103230109
0,294,95,1,2,1,7.598236140121016,0,0.4691180700605083
0,302,98,2,2,2,7.717104262213493,0,0.38076518625945194
0,304,100,3,2,2,7.895890031039908,0,0.44095876163996545
0,294,95,1,1,1,7.400171811871861,0,0.4740114541247907
0,296,96,2,1,2,7.683718709684146,0,0.4428589363584377
0,294,93,1,1,1,7.404426715731305,0,0.47393818516349806
0,298,97,2,4,3,7.642506911971595,0,0.4033241173712064
0,290,103,3,1,2,7.483006436191831,0,0.45460128723836624
0,297,96,2,2,1,7.884157609386278,0,0.4301718350180506
0,321,107,2,3,2,8.57309770407049,0,0.4473097704070491
0,294,93,1,1,2,7.307756368772904,0,0.46
0,303,101,2,2,2,7.718419415398366,0,0.3955785107728977
0,296,95,2,2,2,7.461587838970212,0,0.36871621724564724
0,309,107,2,2,2,8.134185059767539,0,0.4421086586976614
0,295,99,2,2,3,7.286660130639301,0,0.46925998548452214
0,312,104,2,2,2,8.064340445519065,0,0.40912340517780293
0,304,101,2,2,2,7.662003158122815,0,0.3850078953070356
0,294,94,1,1,1,7.566557076901148,0,0.4821311153822659
0,305,100,2,2,2,7.962965820559096,0,0.46611218270966104
0,304,99,3,1,2,7.780666232248256,0,0.4348334419379359
0,297,93,1,1,1,7.288320489871094,0,0.4347655743225447
0,316,100,2,3,2,7.9410982695982835,0,0.4899313581501073
0,298,97,2,3,3,7.426817790309683,0,0.4162727881740492
0,296,96,2,1,2,7.625534286786757,0,0.4192706568054421
0,316,104,1,2,2,8.0978144443229,0,0.49
0,307,101,2,4,3,8.130774627998058,0,0.47138450744003885
0,295,96,2,1,2,7.507727475671832,0,0.4772924989422535
0,304,98,2,1,2,7.645000170654215,0,0.447499232056032
0,309,106,2,2,2,8.183408865588,0,0.4355454845882667
0,299,99,1,2,2,6.985025771963525,0,0.37790571986743793
0,297,95,1,2,1,7.810578123469203,0,0.4285559658812582
0,298,97,2,1,2,7.224154275140474,0,0.4495119215468802
0,316,100,2,2,2,7.847050378172014,0,0.49
0,297,97,2,1,2,7.459156431957524,0,0.4668919614886457
0,298,98,2,1,2,7.462291897598364,0,0.430572974399591
0,306,101,2,3,2,8.043234159476157,0,0.4438723599126927
0,298,99,2,2,3,7.612621456069304,0,0.394738169695829
0,307,109,2,3,3,7.875902279984804,0,0.46827318133434637
0,295,94,1,2,2,7.392900914813401,0,0.44865288736391756
0,295,96,2,1,2,7.552051463022651,0,0.4792196288270718
0,299,99,1,3,2,6.955263671090432,0,0.3794079588863039
0,300,97,1,3,2,7.709700470752093,1,0.4273852200557106
0,294,94,1,1,1,7.610084429543736,0,0.4867947603082575
0,296,96,2,2,1,7.885333366400947,0,0.4331110890660351
0,298,99,2,3,2,7.580317076050592,0,0.4556260169001315
0,295,95,2,2,2,7.4151614253899485,0,0.45872578619150767
0,294,100,2,2,3,7.322134422322305,0,0.46531839751974385
0,306,103,2,3,3,7.855698745206834,0,0.48
0,297,96,2,2,1,7.677835260997361,0,0.3884895075864401
0,298,99,2,2,2,7.455279275757596,0,0.4278398390572436
0,297,99,2,3,2,7.462340906079,0,0.46430184668503127
0,298,98,2,3,2,7.882424227038086,0,0.36784448546451187
0,303,98,2,1,2,7.655820141320125,0,0.38298922273931213
0,298,96,2,4,3,7.58876408900839,0,0.3676111459145027
0,298,97,2,4,3,7.881286027500009,0,0.3560771862162152
0,304,100,3,2,2,7.91705075587183,0,0.4488940334519362
0,304,100,2,1,2,7.658718293726087,0,0.3857676782326078
0,297,96,2,2,2,7.3508917370007865,0,0.3795541314996066
0,304,98,2,1,2,7.733802395530729,0,0.4465494011173178
0,295,96,2,1,1,7.343507196856242,0,0.4697449311377278
0,314,105,2,2,2,7.673347246007184,0,0.3946694492014368
0,316,103,2,2,2,8.089509390488091,1,0.49
0,295,96,2,1,2,7.603011800706215,0,0.48143529568287885
0,304,98,2,1,2,7.732758242843783,0,0.4468104392890543
