8.901784797536205218e+00,7.184048731634858243e+00
-3.694561154767715738e+00,1.226793805066273668e+00
-3.610202008580815747e+00,1.591603501185005154e+00
-6.432240172368421938e-01,4.182266202027496327e+00
1.143253153837751501e+00,6.356719605060089151e+00
-2.961013713769570899e+00,-1.795042453746128697e+00
-4.365373957128749538e+00,8.155005292372879966e-01
-4.622740554816360259e+00,1.320472267784314147e+00
7.374440733447360508e+00,8.470100785578109637e+00
1.817182008197243404e-01,5.507948908984333869e+00
8.651350091148515276e-01,5.304489550272633025e+00
9.741138233106869659e-01,3.890220916225969550e+00
7.050693348903569913e+00,5.844323777413055865e+00
7.734898852791087798e+00,8.352395716171502116e+00
6.758462547888940186e+00,8.580960979198012595e+00
8.387868879256538790e+00,7.558990563597000722e+00
7.851894771543395102e+00,8.312414112525242871e+00
-3.948026681964177609e+00,5.007212559939921981e-02
1.740814873783003591e+00,5.355142695431235111e+00
-5.413838423038301428e+00,-2.614805057449581804e-01
8.594392372634260813e-01,1.890712337741239146e+00
7.414028262058811158e+00,8.679204759909156408e+00
7.560648098416513641e+00,7.958469721446116196e+00
7.434328655364749849e+00,8.539399796017601574e+00
1.375321793405588799e+00,3.996511787312894359e+00
6.585173227630743975e-01,3.511036248432152895e+00
-3.880874216018535439e+00,-1.563578473439763084e+00
-3.498681710507073550e+00,5.417879043259404837e-01
1.100922109312399089e+00,5.260735939902726699e+00
1.003667333853660892e+01,7.797229421890731871e+00
-3.764042106766551932e+00,8.766704790506592015e-01
6.166948820371432660e+00,6.735766117025979938e+00
-3.567489870356256976e+00,-1.106056873690607567e+00
-3.633449005777121599e+00,1.618869959289384264e+00
1.252363647122459511e+00,4.978560918351481845e+00
9.530587462893965522e+00,7.733434738044840273e+00
-4.116433164531041022e+00,3.930606042758844065e-01
-2.896698179689424002e+00,1.834976616467874466e+00
-6.202715703609118947e+00,1.914499633136115264e+00
1.310490188001704359e+00,3.509818290792762419e+00
-5.532099166092196540e+00,1.817484645042343860e+00
-4.053572949457549868e+00,1.749821541614788645e+00
7.840534982939041386e-01,3.698287731213194984e+00
-4.031986504392762960e+00,1.072952445575961061e-01
6.863798986471456587e-01,5.060106199548462413e+00
1.453904662771591250e+00,6.101934912762589924e+00
7.309180102819979652e+00,9.089873453771881273e+00
2.436300356650805909e+00,3.843366311429203819e+00
7.494058994407213348e+00,7.752704812767017728e+00
6.471303927865888816e+00,8.253163177524458050e+00
-7.159030534025928816e+00,-1.741979535391261713e+00
-5.283539462893760863e+00,2.259088260245623592e-01
7.669644313184574180e+00,8.359291197467602075e+00
1.431232930576286755e+00,5.761191700240125613e+00
9.269916644000792516e+00,9.073722805999539176e+00
-2.492087970803081198e+00,-5.879569700554246880e-01
-2.634249004851605847e+00,-2.043375570340181024e+00
-4.556431657964854054e+00,1.259291404682993942e+00
-4.599769580132337055e+00,4.553296811704609093e-01
-5.048865362234570497e+00,2.170597649107810501e-01
-3.389981845928825344e+00,-5.086723348321021687e-01
1.298618358868052436e+00,4.115799545708943796e+00
-4.245102822979870183e+00,-1.926963422984532048e+00
7.135267060741022682e+00,7.975367375474600173e+00
8.420909746930322015e+00,8.127253576768277199e+00
2.121919569149327556e-01,1.743873279183425939e+00
2.083173602227813781e+00,4.804377107956144144e+00
7.929528103559178476e+00,1.027446013472510700e+01
-3.355676399675060040e+00,3.919010341553121002e+00
-4.154634978790522126e+00,-1.387819522129611904e+00
6.392144093111372882e+00,9.564899267612208433e+00
-2.522462313008389856e+00,1.068780945883725852e+00
9.149518115633963333e+00,8.691943194749049084e+00
5.956808870459759930e+00,6.644481160942097731e+00
2.054910168845964780e+00,4.794700629791182500e+00
-4.576641096859933810e+00,1.914878375269220834e-01
7.157919211838478901e+00,6.338366853122417766e+00
-5.189764039006293572e+00,2.046024365763796204e+00
8.210855107672911046e+00,8.421296629679632773e+00
-2.892592263131688490e+00,7.470054351033242890e-01
1.630035139245602949e+00,3.325044179659801813e+00
-2.979067018711729631e-01,5.047578832861680631e+00
7.290553638722929719e+00,8.456886195348470636e+00
8.803127304718721291e+00,8.339083839949404720e+00
7.899722907849615616e+00,8.968935597801857895e+00
-1.232299716085096808e+00,3.895194587516039419e+00
-3.281108611238187311e+00,-1.164938508813636364e+00
-5.436193710433157023e+00,1.566166278739605122e+00
1.366773892454057115e+00,5.789530057320810386e+00
7.102300275131598895e+00,1.155114926481526183e+01
9.474529136778796712e+00,8.186571302093469171e+00
-4.724515171760396370e+00,-7.001565435339809351e-01
7.792601348028605379e+00,8.140680777855740402e+00
-1.660563313549006104e+00,3.732855845285083074e+00
9.242836447395740507e+00,9.568810423030670975e+00
1.511538446668399649e+00,3.592393628357223534e+00
-3.922362192157297311e+00,8.518653525462683840e-01
-5.122553358980928451e+00,-1.013913253159062777e-01
-7.297654528129808860e-01,2.904309865176108119e+00
8.837261013719896141e+00,9.902274361956036941e+00
-4.449098467250514943e+00,2.266897590699041842e+00
-6.371379094087795458e+00,1.667924210285052888e+00
2.280602963010765372e+00,3.282445118310694188e+00
-2.196785726146133211e-01,4.022170010177472221e+00
-3.191918467500086454e+00,3.164724227608362583e-01
-5.168738621164453484e+00,-9.347282199644915135e-01
2.645070024795002084e+00,5.606448217293974245e+00
9.883834122621877327e+00,9.244767421003537322e+00
7.206169654899154509e+00,8.084559067196686044e+00
7.802485964965444332e+00,5.839719840768085035e+00
8.585611795880096153e+00,8.338854305747467777e+00
7.141109142830688761e+00,7.178715497407292645e+00
-4.546005534805247272e+00,-1.974471514824640561e-01
8.215684436796573564e+00,8.785159461255249269e+00
-4.454172133954280355e+00,7.612571124814812018e-01
-3.987659973230814003e+00,1.706607419837640194e-01
7.505642746191406367e+00,7.204158094428757764e+00
6.931568273576132810e+00,8.013642171990229102e+00
1.378761537708644624e+00,3.003919987340888831e+00
7.212122379402922334e+00,8.641872503288363205e+00
-4.474015076654526801e+00,3.536714774476563128e-01
1.280084540867872711e+00,4.171769372275257126e+00
-3.774535993706124248e+00,-8.431947224970128829e-01
1.404208465776403791e+00,3.775829271184132807e+00
7.726234481933108356e+00,6.693603388041177382e+00
-6.488174720414683350e+00,1.650627347499516451e-01
1.663787848901367106e+00,3.602583033477933849e+00
1.504200544127928030e+00,3.993519595498684183e+00
1.074590485453813749e+00,5.249972709457778386e+00
7.743566395575047778e+00,7.537818831647404849e+00
-5.163970174241196531e+00,-1.520408093487335632e+00
-5.468913613600819623e+00,1.172992400618853459e+00
-3.425564581917477813e+00,-8.008785909200619724e-01
-5.073128233149407862e+00,-7.813978054187293854e-01
-4.524717766198374846e+00,7.911153803013487584e-02
8.089057008567658968e+00,9.300982864600360500e+00
2.018493888254792701e+00,5.341178553834513565e+00
-7.873838614313133366e-01,4.595510789680446351e+00
4.446090895627334838e-01,4.428743499110100679e+00
8.115405781764293280e+00,9.394761505629231735e+00
1.065991693668369322e+00,3.758279037761204755e+00
1.767000602525702346e+00,2.585845092783421784e+00
-6.963885195943770867e-01,4.591455874878004551e+00
8.753380244755909478e-01,5.160044819455746890e+00
1.567924459720265284e+00,5.101138387488993509e+00
-4.584820166386283979e+00,2.534326811581769423e+00
1.501695256586168314e+00,4.420853436187377028e+00
3.412305411797957877e-01,4.313573317727118273e+00
9.573435020559106334e+00,8.398511734861566325e+00
1.105011422289579937e+00,4.941853354642340435e+00
-2.411051153212030229e+00,9.243845059775789297e-01
2.105367599677808066e+00,4.186878474171010112e+00
7.145720820429073861e+00,7.038750713024041872e+00
9.313210543032226951e+00,7.614881497383762188e+00
8.746998326659323197e+00,8.584259361731561455e+00
6.645564036665225771e+00,7.562714157694420791e+00
3.035608693586863360e+00,4.489218725310752056e+00
-3.553003899335863913e+00,1.926755337324649597e-01
8.078049632856167506e+00,8.459140473030034357e+00
-4.707466437094963929e+00,-1.934621413154546943e-01
1.761014317896880010e+00,6.139067235488398389e+00
5.561119012734101474e-01,6.153694264684340887e+00
-3.778279506507784102e+00,-8.800715784080532789e-01
7.686683252558991875e+00,7.109685499199399850e+00
2.360029342522300677e+00,4.004445527942387173e+00
1.272518210911317116e+00,3.880451434260801413e+00
6.878676531979461828e+00,7.882598022715478159e+00
1.784923209183195691e+00,5.529199295921014112e+00
5.851008736585319170e+00,8.334529922188592010e+00
-3.954181469446654162e+00,2.710571404319168654e-01
9.665341662361703889e-01,4.536346396363456712e+00
1.095050244202568246e+00,3.198192985052636494e+00
7.547175668194906484e-01,2.864909814692613299e+00
1.447715045819945034e+00,3.136988156009615558e+00
1.499746399092039439e+00,4.839172852225157584e+00
9.252687473644286342e+00,8.124899652349812484e+00
-2.971140718808580772e+00,1.657989983180143012e+00
-3.756126758847695424e+00,-1.647397671028854593e-01
6.663598772288230165e+00,8.050775923672720324e+00
8.886309799766795692e+00,6.865450194062199252e+00
7.568793164286920394e+00,9.316467586439365789e+00
-4.813307695903762173e+00,-2.140758103254378208e-02
6.091922935169379549e+00,7.024042402864681733e+00
2.249429095944665669e+00,4.311942847043086502e+00
8.377642781327672594e+00,9.490505372238247972e+00
7.366887859674636552e+00,7.447691066418913763e+00
7.888641054401952957e+00,8.171133814357036229e+00
-3.913210639206980979e+00,2.929313057999879399e-01
-5.053337450938959918e+00,-2.899621651794900834e-02
-4.065122553587631415e+00,1.021051638174125031e+00
4.705981038719787568e-01,2.616479136779127579e+00
-4.163974913639822084e+00,-2.144005706387498988e-01
7.919144442853802701e-01,3.158347846974007389e+00
1.759595022241698725e+00,4.299088682079695189e+00
-6.506604052417699791e+00,6.665719740309202779e-01
-6.038229531241832149e+00,-1.153379463614200295e+00
2.534650210441182328e+00,5.059312188256564369e+00
9.871724058793509560e-01,2.689013625543856811e+00
4.929864244925175054e-01,4.099383371771614826e+00
-8.488477461631540599e-01,3.910140464745228694e+00
8.893648551007050429e+00,7.970128451329341779e+00
1.659512880493708931e+00,4.363425399434735397e+00
9.362171133059374872e-01,4.727441970656692583e+00
-7.827088434958939800e-03,3.449963252250046075e+00
2.163222844604120176e+00,4.052727296960171977e+00
7.157519769719584701e-01,6.321105794419014323e+00
2.016380703399189844e-02,4.506750970860395000e+00
8.643287966603445227e+00,6.945931211052770671e+00
-3.484988766483776423e-02,2.602355225284755935e+00
6.675897350186612567e-01,2.351937278833452716e+00
-3.425360597346821745e+00,7.235117141696598697e-01
8.185433723332593559e-01,5.937601483768030874e+00
8.596388995390331189e+00,8.351354969075385881e+00
2.240943793960480157e+00,4.133221140542429950e+00
1.457988614538514582e-01,3.923324378896624776e+00
8.918455779446153642e+00,6.974865760539640469e+00
-5.174335765647788854e+00,-4.830739636974348272e-01
7.853387898553950031e+00,8.320697106473902593e+00
8.650220759872068399e+00,7.624241701140900496e+00
6.991531306777787336e-01,4.931030395711218262e+00
8.881959936056498250e-01,4.411124479508918839e+00
8.176431646746717519e+00,7.489027894019609555e+00
8.924008982899213294e+00,6.909390904829344038e+00
8.466559902804052129e+00,7.282610926572774979e+00
3.062290827856269715e+00,4.829944301953793762e+00
1.920719465164466566e-01,4.949319370245617300e+00
8.109271523726201636e+00,6.557769524148668872e+00
7.318106643136204070e+00,7.932184799267655073e+00
-5.771719705494211539e+00,1.230305206502472437e+00
-2.147328442118566549e+00,1.727181061318614930e+00
-9.845466057617313638e-02,4.405935028402726772e+00
2.446655423200439383e+00,3.121582065860945221e+00
4.057077012494402224e-01,4.169176568445800868e+00
7.548959591197762720e+00,8.685298859119532366e+00
9.496725208908552318e+00,7.359634423876260989e+00
9.052483111890829548e+00,8.752215389949054014e+00
7.765033382228491377e+00,9.139505046486062767e+00
2.139936010448977299e+00,4.031042219561194351e+00
7.544268217598797399e+00,7.496341329685118460e+00
8.519864319080278747e+00,7.400050131148231181e+00
2.507480397819370488e+00,2.764840441524401449e+00
1.149455092514315657e+00,2.873695258550364340e+00
7.014234388185561997e+00,7.822654730869119888e+00
-3.801779114072532106e+00,1.792820052409966225e+00
5.400586645819800413e-01,4.459800983132270247e+00
8.879068530503106516e+00,7.771478533722944171e+00
-1.438342163798507212e-01,4.123593747614917149e+00
-4.014135223127045293e+00,4.636195521753604942e-01
-4.221285055903688743e+00,-3.407626766196246715e-01
4.684956786015721519e+00,6.490685128692289751e+00
-4.977366335658886420e+00,4.657856195134614796e-01
8.749931140632435600e+00,6.834215797053534658e+00
-3.975078383134222015e+00,-7.101502690929054618e-01
-6.036815328681308657e+00,1.365373366587932180e+00
-4.147463806657383678e+00,1.242757122378215007e+00
-3.778368956503689091e+00,-5.208794460562831130e-01
-2.460962926436371934e-01,4.953499025796173072e+00
7.368217677808269528e+00,8.155065146100296758e+00
-1.899779700301202912e+00,3.191115949789486095e+00
6.448636908119421030e+00,7.359510096022430226e+00
1.303641775209955167e+00,6.129431080277432109e+00
7.978663177422333774e+00,6.386739293018713681e+00
1.153972706499546197e+00,5.102459306557517671e+00
-4.871945970372197010e+00,2.214227417227805361e+00
1.890243774102029484e+00,2.869419820440311408e+00
7.141319219356647707e+00,8.354377027686464174e+00
7.255727729898438838e+00,7.416908717304543153e+00
1.168903754253990845e+00,3.098761178425571305e+00
2.081378233074175021e+00,3.290580791032665431e+00
7.485918306611409889e+00,9.225340964344340478e+00
-3.803177000831256205e+00,9.252813283807269640e-01
7.399382823815093602e+00,6.882564280987237382e+00
5.850679961059075396e-01,3.622686188571541788e+00
-5.259774610716163146e+00,9.749157719418578560e-01
-8.708788738692956333e-01,4.259550186738527700e+00
-4.039132548366737296e-01,4.928677524385887132e+00
1.201225886769792695e+00,3.740163724919287613e+00
2.783640827361397285e+00,3.813923995841370651e+00
-4.223445663019663066e+00,-6.081568003419429713e-01
1.429892179707504152e+00,3.157716792714709619e+00
7.657568358112301965e+00,8.401169099103867666e+00
8.412733357257241806e+00,7.786147129460592176e+00
2.905245710929968972e-01,4.128013066810004794e+00
1.759117287172229371e-02,4.417344026664209444e+00
-5.128370157982423905e+00,1.000473925457715296e+00
1.867477001976217466e+00,4.649205778470406614e+00
-3.085306458033525434e-01,1.881164137401558190e+00
-3.724251708032753516e+00,-1.400427874591749333e+00
7.608455352491919399e+00,7.813132061764044067e+00
9.241115825772933334e+00,5.325684408197618680e+00
6.960540071250870930e+00,9.163501226511552744e+00
2.533874309389271495e+00,7.477260691580123186e+00
-4.123715295744422527e+00,1.259841534651149120e+00
-3.941039040412359196e+00,-6.014695945834684920e-01
4.906934063358756593e-01,2.487321818177500532e+00
1.663506917784979278e-01,2.669406784573057134e+00
-4.455359296520839507e+00,-1.356002182452683558e-01
-3.746175284028334218e+00,5.596367563000842482e-02
-6.100193753733329949e+00,-2.258912675280889681e-01
6.306957317226965287e+00,9.168326426748366842e+00
1.106992563068843749e+00,4.948388699439186134e+00
2.202904783592493088e-01,5.112090292218129051e+00
-3.885352100662197383e+00,1.703158881843686023e-01
-2.281652774644278292e-01,3.536539541173726597e+00
1.161021265595037155e+00,5.330838738663737253e+00
8.274782126502710611e+00,7.425893676441585711e+00
1.315460382698472541e+00,3.722965141134130462e+00
9.918535814202791290e-01,3.274299034509146722e+00
-5.001356313814987686e+00,8.974362212791616722e-01
-5.686617558005783835e+00,6.661592267991145455e-02
1.260690724440667321e-01,2.582011076049521403e+00
-4.417278619491749048e+00,-1.690194286354461006e+00
5.596187126429263969e-02,4.540251686475295756e+00
1.872129161539907383e+00,5.410140822052558640e+00
9.475761316868922535e+00,7.815640084494360984e+00
7.620951694239413321e+00,8.218310577370084857e+00
1.659121332087227785e+00,4.412043159087930100e+00
4.763834394592121324e-01,2.697484364263579515e+00
7.901871004290788925e+00,7.880686190275985936e+00
4.323962838702155587e-01,5.295244515029029486e+00
1.018402213480744445e+00,4.587592173221952230e+00
6.943733583993256797e-01,4.314086824015086918e+00
-6.670895899818298780e+00,9.693992172120295958e-01
5.430331754521316334e+00,7.630400517664734039e+00
6.312948758609933098e-01,4.206615140615186377e+00
8.330493501812162194e+00,8.232809569755691115e+00
7.490118035757279635e+00,7.945216855286211910e+00
8.377181895284408597e+00,9.413361884324796591e+00
8.707071948193227939e+00,9.534289765077231138e+00
-4.498847428470771348e+00,7.795751138929639668e-01
-3.378003017213477843e+00,8.834925496920281729e-01
1.090685845441446533e+00,3.534705645557995268e+00
-4.645993984202756444e+00,1.394546773684398167e+00
-4.707000194292516593e-01,5.571583411211055825e+00
8.595083710219595829e+00,6.766276851806803272e+00
-4.853276435176526071e+00,1.507757499123194789e+00
-5.651086867804590241e+00,-6.391138367481387084e-01
1.429390752809011733e+00,4.725106344835356964e+00
-4.660752175970241495e+00,-2.438392251352656803e-01
-3.354791958918882155e+00,2.976757551090870813e+00
-4.147223958247995945e+00,1.348559513358225104e+00
7.461781582010355685e+00,8.130066782547292092e+00
1.138207796856566478e+00,3.005573076697855228e+00
9.311191648652211938e+00,6.722082284829209442e+00
8.289319795850023098e+00,7.533878089401194522e+00
7.439807351257433865e+00,7.225741936258879505e+00
-1.014435502286788804e+00,3.202181342148161747e+00
1.420757537292097750e-01,4.192670267723112687e+00
6.730329004030225271e+00,8.577857343345755226e+00
9.060521844309658235e+00,7.636670674478647669e+00
8.182469526203062671e+00,7.361587802856736751e+00
-5.151454759744017231e+00,-2.946386682510742094e-01
7.986288790602317889e+00,7.665814564431548739e+00
-4.438495706214380832e+00,-1.083861809155274303e-01
1.143266575731066714e+00,4.397983465226518618e+00
6.993712479672626436e+00,7.164798069151059323e+00
-5.330691834218002079e+00,-1.580099367297602697e-01
4.274564318120802620e-01,2.616400629551018042e+00
1.106674824520155642e+00,1.945538841325443968e+00
2.313835665349967208e+00,2.647740793934299841e+00
9.174372688369366813e+00,6.224749470818019326e+00
8.202692497789918491e+00,7.981185005600369031e+00
8.658297853864034721e+00,7.940754430080759541e+00
-3.299685539502015263e+00,3.919784913978002772e-01
-4.249336748699128918e+00,7.674261320413868770e-01
7.019281794786041750e+00,8.837955977104270389e+00
-4.572941363695314010e+00,3.824868135449719375e-01
-1.690884755286636842e-01,3.957306552939554578e+00
1.441924801341293305e+00,4.013942680146594277e+00
5.891881082964744110e+00,9.351020889993904461e+00
8.567476004613343576e+00,8.638892057393794843e+00
-5.088571389883451701e+00,1.225180674394947378e+00
-5.777927588903608580e-01,3.813814213236504269e+00
8.531211728598089294e+00,6.529537024161736092e+00
4.627508820138052092e-01,6.023834144399951462e+00
1.980923819929963914e+00,4.419178228784856444e+00
-4.487068878198698485e+00,9.211631405071517564e-01
-4.844265063009483008e+00,2.728468981877683941e+00
2.912859007295145464e+00,2.957153661553580726e+00
8.242832744445999893e+00,6.666853279439976632e+00
-6.240800716505589207e+00,9.957950911479259704e-01
7.452421580439233750e+00,8.253455886597601321e+00
-2.049438684046240855e-01,4.222571885452425455e+00
8.114832850905417061e+00,9.032410689750616228e+00
8.482594487250452175e-01,5.885625650208794468e+00
-3.591049997296734020e+00,1.924404497601453601e+00
7.865047964512069889e+00,8.785732618491957524e+00
-7.208953225976701518e+00,-6.946234312327677074e-01
-5.786773290745640175e+00,-2.128686209950735875e-01
6.393646935021950028e+00,8.820051690674645783e+00
1.341907324609683094e+00,4.759749619114493235e+00
8.621363915813624601e+00,8.018551809889125082e+00
8.138415473104517517e+00,5.354883408184568871e+00
8.606856812136419066e+00,6.383180946404057643e+00
1.572400996111063209e+00,4.909847983070205757e+00
7.121134466990040046e+00,7.981237062575178953e+00
5.893720720739767938e-01,4.084679703805423223e+00
-4.740855104593775238e+00,7.869360603875679150e-01
3.004447731302060554e+00,5.358014788333371747e+00
-3.154119592659325733e+00,6.199089546997202382e-02
-4.617063584390148634e+00,-1.040029512735264339e+00
-3.180957549772663651e+00,6.861922096289291284e-02
2.255923623061144578e-01,5.123581255661949108e+00
3.827836426497382760e+00,4.414951579045322205e+00
1.696585005009412894e+00,3.493453678490884506e+00
1.241608201943649625e+00,3.949628431396775774e+00
-5.033829989740469912e+00,-5.236142913850945213e-01
1.830772592742834437e+00,3.642964698264532064e+00
3.377453721503573814e-01,4.589391526802170773e+00
1.076741162506681393e-01,4.171375356103922627e+00
7.426783464556613090e+00,7.283177568247516831e+00
6.172817051491918505e+00,6.650020895504391127e+00
4.853759071364047717e-01,3.432429808668765681e+00
-4.877081315211112766e+00,5.667866922645494743e-01
-4.961755977138526674e+00,3.185729910294883283e-01
-3.936220133256454812e+00,4.544834478463644634e-01
-5.216678212047990648e+00,-9.964943608981959855e-01
-3.115300524576978702e+00,1.895635583489360787e+00
-4.927816268879846362e+00,-7.223255227157748815e-02
3.105606926353592812e+00,3.429886518593699307e+00
1.899540895939297869e-01,3.378751100104095517e+00
7.391108097203295202e+00,8.589396741370380894e+00
-4.378733227814025852e+00,5.963913298100436133e-01
6.669226585089790271e-01,4.415781543583645607e+00
-4.047265571065230993e+00,1.029419235850862702e+00
5.795688240901654353e+00,6.983667958956463195e+00
9.584033834357873261e+00,8.041628905848760667e+00
-5.432782378232441367e+00,1.803297995493351458e+00
-5.678477925884929611e+00,2.742920772272716690e-01
1.011976906256871978e+01,7.203848119530654515e+00
9.216602979572063870e-02,3.139080691519257726e+00
-4.937683360752148864e+00,1.129820086869126605e+00
-4.776857131803465606e+00,7.774158964591826315e-03
-3.495670222114687142e+00,7.552832240280428211e-01
1.301942324561169206e+00,3.764340282106641844e+00
-5.133522435916529680e+00,-5.743544246529944663e-01
-8.674657792585360738e-01,4.826144222201164347e+00
1.953814979022617582e+00,3.753091918484912082e+00
-3.984434130920055495e+00,-1.192083419280849932e-01
-3.785919726123145868e+00,-3.454523891353654674e-01
1.335154227367113089e+00,1.178986247480132032e+00
4.193084098073099897e-01,3.574362072673852531e+00
1.303615280202370386e+00,2.368149417039773219e+00
-3.507422893035380795e+00,-1.857351469693556689e-01
8.046291925163941983e+00,8.580645620674378193e+00
-2.434064017079256459e+00,2.366461670650787497e+00
1.038671383576237339e-01,4.006898049532596318e+00
-5.462744766099403293e-02,4.533826424392355392e+00
7.104330647176507973e+00,7.989377925322060925e+00
8.173922827773353106e+00,8.047841560166922648e+00
6.467803063081116743e-01,4.543554036942397012e+00
1.961246450636066063e-01,4.298896827594692382e+00
-4.440800077412824010e+00,2.695735207793981680e-01
6.924006679843019540e+00,8.917197570683882191e+00
7.889306967295822481e+00,7.896853234717895909e+00
1.973854445077001252e+00,5.389277787305389644e+00
8.359945967237194964e+00,6.128263345658378825e+00
8.614244965762619444e+00,5.712622931893523770e+00
-4.067555539251928032e+00,9.284775386297877686e-01
-4.322188167029535677e+00,1.046586780770367042e+00
9.557911610448247330e+00,6.466452400293180247e+00
-2.977216167458255569e+00,-3.637500582213254452e-01
6.364865700111215219e+00,7.056403375472598327e+00
-4.602578051206437593e+00,-1.660532195255403076e+00
-2.757326330948691506e+00,3.192917365024203757e-01
8.357445196701796419e+00,7.986562411953450180e+00
6.050112101407650655e+00,6.429206459262270634e+00
7.019391982979818145e+00,9.610379928463126831e+00
8.641344658674888990e+00,6.372445426932268120e+00
7.553714927520281286e+00,7.722815244291370895e+00
-5.631091990949959047e+00,5.874419215983857079e-01
-3.562681012278078985e+00,7.220191735834546876e-02
2.471217011722791623e-01,3.932925730084156690e+00
-4.283253612530973697e+00,-1.433837369344592716e+00
2.965879889621925170e-01,3.864680411693869111e+00
-4.600526507879531657e+00,-1.329971148474436538e+00
-3.644554880238445094e+00,9.901761027696738271e-01
-3.696973242271390347e+00,3.968687548682328092e-01
1.271038746274290476e+00,3.931459042735389708e+00
8.344853647642640482e+00,9.103006837748676361e+00
2.831264428318253756e+00,3.346706392011644660e+00
-1.218182316017357714e-02,3.118698531198305535e+00
-3.159614355541086717e+00,1.477526473381623795e+00
-4.526085463930630937e+00,3.570215211667819855e-01
7.039782057204639898e+00,8.421846731575730161e+00
8.444283958473496554e+00,8.263283582474198141e+00
-4.293265405381378130e+00,8.050885246007545293e-01
2.635196536088492358e+00,4.676049460764603261e+00
-5.943205886051883269e-02,5.534614493291796222e+00
3.320707097424799858e+00,4.718069857152034530e+00
-4.413882721327204273e+00,1.013470335504689651e-01
-3.224881190180945989e+00,5.585952833319534072e-01
-2.123092618855438651e+00,-1.113994822678788355e+00
2.209210630653268392e+00,3.087232902748456187e+00
-3.970155942294659290e+00,2.240887893624963212e-01
-3.304749017670876032e+00,-9.377068821106642194e-01
-4.719568927617674881e+00,8.553937394667557870e-01
8.363058461430066259e+00,7.562877665152453410e+00
-4.788112466999668193e+00,-4.480317795979062989e-01
1.861791458548691214e+00,2.302066923419982203e+00
7.842027069662247385e+00,9.310253413107030696e+00
7.219248038023338143e-01,3.475096942528012711e+00
1.897276093699038935e+00,5.872529516015044138e+00
3.662406307444847631e-01,5.794339406320689001e+00
-4.702781358784201338e+00,2.580855816248868728e-01
-2.488816533197183212e+00,9.703837790731680846e-01
-3.913381008364141600e+00,-1.095598370367923735e+00
3.692070519145198126e+00,4.091737425201534606e+00
7.937518205784258818e+00,6.276924473530764992e+00
7.768886222042609369e+00,8.744493317929341814e+00
7.233491058186315215e+00,7.743185386371251866e+00
8.176677948285451247e-01,6.620544078652946141e+00
-2.224935100918649766e+00,4.278319114570870996e-01
7.583639706518241930e+00,8.106301135407866454e+00
-4.460781169291815118e+00,1.195324221748831572e+00
2.735434606780145828e+00,1.803741714349317515e+00
6.913422084434415638e+00,9.512609182686595943e+00
-5.221347086888115108e+00,-3.436616021545441102e-01
3.031082558042290653e-01,2.654039332569666954e+00
9.793782676152515521e+00,8.885008760703914987e+00
-4.334500636877567814e+00,1.857556828952166561e-01
4.744543354038081029e-01,3.473356795271478781e+00
-3.189986305330657856e+00,2.267655386214535884e+00
-5.364393924587568030e+00,-1.276141915516307290e-01
2.064105563737764548e+00,5.496694271804582144e+00
8.191563649279848036e+00,8.197580912989579360e+00
8.145876074311411585e+00,8.626937639811131930e+00
-3.348282056288660158e+00,1.632699045730512388e+00
8.572630533359740568e+00,7.470709403071588817e+00
6.310705606102208876e+00,8.303361048419636958e+00
8.848434153604937791e+00,8.845899032777440496e+00
-5.608175486775724750e+00,1.112075507384396200e+00
6.030016507088367117e-01,5.440230814417941652e+00
-8.819133761246238379e-01,3.475714634273458614e+00
-3.820981597396183815e+00,-9.983663145829074770e-02
7.625707956420126443e+00,7.345190351548207985e+00
-5.439061910968561619e+00,2.121481609098596177e+00
-4.865711638458608768e+00,-2.045689188925484459e+00
2.200433582681189382e-01,4.235701981513530612e+00
5.586972643532024385e-01,5.022240460626771430e+00
1.842493899695157200e+00,5.232262174892793993e+00
2.005530847303065300e+00,5.502104749114714366e+00
3.675471631850275589e-01,3.425491614903337201e+00
-3.921664496329242411e+00,2.058569716113423653e-01
1.996285379059557830e+00,3.743085758844097111e+00
1.075748536865152483e+00,4.495193917717188903e+00
9.005400838939303654e+00,8.264565779526851230e+00
8.754586616050765713e+00,7.177386705014211721e+00
-3.899641740845263715e+00,-1.494671498840877133e+00
-3.365087497806746875e+00,1.813751176082603611e-01
-2.698418221764290692e+00,-2.485797046376589381e-02
7.501543374727629221e+00,7.534100869466839434e+00
8.478679528695947099e-01,6.072233261628661616e+00
7.555204923112960991e+00,7.012559423927675617e+00
-4.266839974943477998e+00,1.471837099027572870e+00
5.936455332974973409e+00,8.454756233664845411e+00
7.886836085630216431e+00,8.632569397436492764e+00
-5.067396501341273840e+00,-5.479432059303925850e-01
8.942899049787936150e+00,5.482546755877505618e+00
6.033295086906967697e+00,7.898753620846999723e+00
-3.156637845729360237e+00,-1.747277425242425464e+00
2.061022044723793023e+00,3.172393748756189513e+00
-3.583815604943208832e+00,5.255126640535393023e-02
9.853668523653869471e+00,1.032494091284137383e+01
-6.659193105730879303e+00,2.889490488136402524e-01
-4.856713114123853536e+00,1.089432746208284453e+00
-4.769748774719462681e+00,-6.524798119601776802e-01
7.703392543690378957e+00,6.699707285169642645e+00
-4.543794588104586474e+00,8.863762869316537119e-01
-5.386355528420638805e+00,1.166957813873068073e+00
-3.233160426991133374e+00,-4.541926182981395055e-01
-3.573014661351071819e+00,1.206586095672869119e+00
-4.673585569544018714e-01,4.300872496593890482e+00
-4.856214163373815396e+00,-2.390622570067760244e-01
-3.998593095673749875e+00,4.928432752128107386e-01
2.519220004196995433e+00,5.071275168702565672e+00
8.610366327949128262e+00,8.052706775876439238e+00
-4.034068347194959436e+00,3.955250132838613042e-01
6.636780172406318012e-01,4.682032716484712864e+00
-5.477505692844485630e+00,3.493202362645522197e-01
9.998733533571577681e+00,8.637200960004879136e+00
6.674883376490055475e+00,8.077809582794126086e+00
7.248955325131149152e+00,7.728129245502997513e+00
-1.194833588087055531e+00,4.304766969745591254e+00
7.362898765415445190e+00,6.752822295996989688e+00
6.389384140118936628e+00,6.155344023526676978e+00
7.172425059869572905e+00,6.624454774839731108e+00
-9.682309894731999655e-02,2.523660205045112903e+00
6.865926316419713515e+00,7.104590612171140407e+00
7.265000093338361609e+00,7.204945575095090149e+00
8.417667163909223760e+00,9.303848085243714650e+00
9.134341089447565176e-01,5.371195093229747641e+00
-5.604067585120168005e+00,1.968167678692523404e-01
7.246168910726369816e+00,6.952278658690618229e+00
9.150574961356642945e+00,6.351381533223850795e+00
-3.523991749969467069e+00,-1.615722585399893108e+00
6.596872920447642841e-01,2.419815415408637094e+00
-3.324491454227509024e+00,9.834927610982946433e-01
6.861272346981849068e+00,7.446435256737054864e+00
4.993101266933595017e-01,3.973884785926383056e+00
7.847265729415122237e+00,6.758720077960246542e+00
7.244237868861672425e+00,6.127878028869252702e+00
-4.777940623091556205e+00,1.058576346390413425e+00
7.269847784690426806e+00,7.930628446344653248e+00
2.048918332417620780e-01,5.147255392257663154e+00
-3.502182477948915018e+00,1.658270983250832220e+00
5.600477553489956684e+00,9.015414065687274103e+00
-3.987178067259513625e+00,-1.738433261735457647e+00
8.207449087270223487e+00,8.695070970955315559e+00
-5.797819981577852388e+00,-5.987926000213484867e-01
8.928514549778617138e+00,7.957783073996322898e+00
-3.626574055624123716e+00,2.505095071140009733e+00
7.376712258011445478e+00,8.042866369399112259e+00
-2.519708736928075510e+00,-1.027538351673278783e+00
-3.547109610605072572e-01,4.401519644767996731e+00
1.536495645546354094e-01,5.234640382144889692e+00
8.217776647718823213e+00,7.352768438076683566e+00
6.986632632378674934e+00,8.395028813199068907e+00
8.255876014629267345e+00,8.137793447547169379e+00
2.023499666201741043e+00,2.801300229216741045e+00
-4.523227066492536252e+00,-5.611379719185936032e-01
-4.211350046971569228e+00,1.027631804546003558e+00
6.831573567201609798e-02,3.552656737465720305e+00
6.707322222500662789e+00,9.447132892944543059e+00
-5.688268006659096265e+00,1.087531225426027759e-01
7.071450082412916061e+00,7.988785892901217878e+00
6.554247427284732197e+00,6.761814535031959394e+00
-3.120465289315822677e+00,-1.943085819831000371e+00
5.987462602056770500e+00,9.556558328706310945e+00
-4.015944708773662164e+00,-1.342381801433313315e-01
-4.528612235221912030e+00,-1.656785022329335000e+00
8.076746334087583357e-01,4.147983266544471803e+00
6.332075756080250528e+00,7.007653322014576247e+00
-4.029536724847401885e+00,1.789220171898876721e+00
9.258811517767957966e+00,6.086052391359361380e+00
4.130729474842909088e-01,2.248484408956281655e+00
4.035736338073956375e-01,5.562921948383960924e+00
-5.006644395719636265e+00,1.345847759811055422e+00
8.120453936907754411e+00,7.287150094684058388e+00
-5.003598324787902563e+00,8.624144465222354228e-01
-4.541105865592113489e+00,-3.112041995665840721e-01
2.110611130690262183e+00,4.802648807565210731e+00
-5.200247665642167227e+00,1.211601560956537371e+00
4.287377391631972401e-01,6.073783303718461646e+00
8.099193795723687472e+00,7.237061981228100294e+00
-3.400659600399787763e+00,8.595673085461947860e-01
8.616465514132684689e+00,6.654373456879130622e+00
7.446294556912578244e+00,8.122835436425118516e+00
3.259973741776434064e-01,4.649370927630711137e+00
8.919314493443017966e+00,6.628569935920584300e+00
-5.273173159027336965e+00,1.722056726656136849e+00
-4.149307789382155054e-01,3.245909893360781062e+00
6.100038633141766198e+00,7.907078476151829349e+00
2.029141493378003425e+00,5.015754293316245338e+00
-4.756637135591684995e+00,1.553297262913548638e+00
-2.969656546110456041e+00,8.931184591264961226e-01
1.608615191485559315e+00,4.846353026617993720e+00
5.404331936782615919e-01,3.997179429230657721e+00
-3.218634096528242061e+00,6.507712290858507220e-01
6.815422005772781233e+00,7.982507710747723806e+00
6.604262555615592944e+00,8.405363127363363773e+00
6.402977013003019024e+00,8.495439455680850571e+00
3.727884386021514285e+00,4.790430341435474304e+00
-4.296783347079035309e+00,-3.023221485236425865e-01
7.778017069022721941e+00,6.413678023687374719e+00
1.404104225687507146e+00,5.059705524771994867e+00
-4.311003848001413452e+00,-2.814980820787798543e-01
7.471791769881039436e+00,9.008987687385712206e+00
-5.251213018194478721e+00,1.817854915427382867e+00
-4.698586371994764477e+00,1.798714859987494474e+00
2.073779258553796190e+00,5.425159651535565786e+00
1.851801953673481993e+00,4.655075355275892335e+00
7.763792920692694999e+00,6.631307054407306723e+00
6.396580386115540584e+00,7.413445305875510094e+00
-4.102208230567116587e+00,5.670848448620082749e-01
7.955156652486413904e+00,9.030519154609535804e+00
-3.794007806333781652e+00,-1.376658864001910620e+00
7.716166654303441064e+00,6.956529597309204505e+00
4.454257563885615223e-01,2.133884326624010619e+00
8.453760205949198081e+00,6.829710949276133647e+00
8.604160075742274927e+00,6.527853304128806045e+00
7.515584664932318582e+00,6.089286104945897726e+00
8.323657356093610460e+00,6.830240264269464845e+00
-4.409914730208392086e+00,1.003405592595957074e+00
-3.616108941935020304e+00,-4.943866074937994792e-01
-4.679268759523452559e+00,-3.014799352196967375e-01
-4.853355145943893945e+00,-1.878732855994873496e+00
1.011358534529339659e-01,3.265816675461854057e+00
8.104172950901631367e+00,6.688514211210216942e+00
-3.807828816769217362e+00,-4.999443771850858864e-01
6.744078024296791263e+00,6.695282379140731877e+00
-4.418903660998850569e+00,7.909235940697556533e-02
1.711442034577071780e+00,4.243413840609325582e+00
4.887939565934402708e+00,7.696765846015890311e+00
1.434339074110180468e+00,3.270550117698671322e+00
1.858624308785549184e-01,5.175768752618538748e+00
-4.674724352796272520e+00,-8.115944524466347509e-01
8.172191298665527626e+00,6.743575916281264959e+00
9.721398825155809220e-01,3.685738422002593051e+00
-8.737020838864473227e-02,4.718501447731098253e+00
7.385698489771101993e-01,3.808197473093108965e+00
-4.050314298108437683e+00,7.649581712011586099e-01
-3.085535831985926514e+00,-3.222410065619413233e-01
-4.709495393933997853e+00,-1.267127586336136980e-01
-4.432237013904916978e+00,-3.257059278959741899e-01
2.696868700396794161e+00,3.673950410595918648e+00
-7.233218281420157325e+00,-1.723016475556563565e-01
7.786205759604174492e-01,5.048296127532887034e+00
3.771671551138724432e-01,3.508541240776429149e+00
-4.075287460967566666e+00,5.723758974759203255e-01
-5.114829008372955066e+00,-1.023818433630933500e+00
1.256414831906096818e+00,4.615994239136970378e+00
1.937803438316454407e-02,5.426920459468142610e+00
-3.802314057986437401e+00,1.530164162437530839e+00
9.668895250348137793e+00,8.024833057266659964e+00
6.647116344038020763e+00,9.050636350892618864e+00
6.010121829982104646e-01,4.176703464711184033e+00
-4.757815567497139853e+00,-1.723433387502364966e-01
6.368320912753167029e+00,8.104071514022441747e+00
1.584663113883106877e+00,5.828881470374003726e+00
1.409083332749575979e+00,3.921571652552739540e+00
-5.399251795472840953e+00,-1.672210875374930295e+00
7.211908021810578440e+00,8.193736980431417294e+00
1.025021838109817951e+00,3.599751533577905338e+00
2.012066204399423519e+00,4.501957433987342050e+00
-5.446022075675511331e+00,3.497939161829158872e-01
-3.694052319687856301e+00,-3.615585753690283566e-01
-3.928535322751740111e+00,1.062692790381087438e+00
7.467146255174752056e+00,7.245436350199887521e+00
6.601197940553666044e+00,5.919607472047081487e+00
7.214499728349997199e+00,7.155118100693846017e+00
-3.432431162326670115e-01,4.924565734415951468e+00
9.485241188698962489e+00,9.678487160393233424e+00
7.028151444814515258e+00,1.093266123132367440e+01
8.301786117265757881e+00,6.701165079821556070e+00
9.134321799299531364e+00,6.964892240789881228e+00
2.876769720667603281e+00,4.418546938097342114e+00
2.847320132510084534e+00,3.825447406844844078e+00
8.072807838836709493e+00,9.178754129486765834e+00
1.094633509171809571e-01,4.251371658564101708e+00
-4.121346716078744699e+00,9.622091358105944181e-01
-3.995344014444690117e+00,1.945215651940896961e+00
1.299143973271999153e+00,4.098596280472875719e+00
8.042276011563034288e+00,9.225829444567210658e+00
1.661020036475418404e+00,4.476016826386201686e+00
1.577909723913595297e+00,3.869135214524485722e+00
-5.246816087927059336e+00,1.118920153597887435e+00
2.085756409948502643e+00,4.329475962380362475e+00
-4.438828593092920549e+00,3.614202049280518247e-01
6.801992728798563981e+00,8.067000974659114476e+00
-5.518410712311180966e+00,1.890113742261832819e+00
2.503501183484048820e+00,3.044655767961730763e+00
-1.066299172274729479e-01,5.058225905823337420e+00
-8.972823116577322011e-03,5.062294898202909899e+00
7.293086067965318442e+00,8.854817749340600841e+00
7.661859448970133046e-01,4.648746629532334751e+00
8.081633184347079890e+00,8.723192305865254070e+00
7.575086370499733768e+00,7.493551437483541022e+00
-5.966164547384616768e+00,1.416144151484246771e+00
-1.231387473199387905e-01,2.840926717635119836e+00
6.490097204780989060e+00,7.246846056139688130e+00
2.626232578940369544e-01,2.418846201721001954e+00
7.779247170238369868e+00,9.134401015270128710e+00
9.340899037576695818e+00,7.478319338448482512e+00
-2.621945377582007630e+00,-2.865231155778256156e-01
9.399036872272922949e+00,7.702070193891715100e+00
-5.850356563344506711e+00,1.086115592105524108e+00
-3.960634064190959425e+00,-5.538325604219809239e-01
7.471076083609283103e+00,9.154256511619463410e+00
5.830677825320443652e+00,1.014064227466622725e+01
9.027230358348210970e+00,6.463644005853129038e+00
-4.053285175049682110e+00,1.405874692562747441e-01
8.838853105531827126e+00,7.848808030353101373e+00
5.772361399126081594e+00,7.917042134443058821e+00
7.245627174603253451e+00,6.696288061429255478e+00
6.932284267128490995e+00,6.975680791829735661e+00
-3.767327283273583127e+00,-1.260769740614802625e+00
-4.844666638288324556e+00,2.046246913270931778e+00
1.452190166250104886e+00,5.050882175182399791e+00
8.923221378189470698e+00,7.417732442125181791e+00
9.209969650105252370e+00,7.598230955337764492e+00
7.553563442434395370e+00,7.238048444496372191e+00
8.418912886400145013e+00,7.114892802556589402e+00
7.026483694788865364e+00,9.035853245350068619e+00
-5.592298074516343753e+00,1.668288255342338156e+00
9.165326118664612665e+00,7.932933516901743864e+00
1.161216796970839571e+00,3.209298336234676530e+00
7.488619893980954956e+00,7.920978953504108411e+00
6.244969987136088641e-01,4.520877580333577228e+00
-3.400333887312790182e+00,3.916548896434527416e-01
8.486875633005205088e+00,8.451798173416086968e+00
9.848465119820996705e+00,8.466121469458164128e+00
9.757534902583556047e+00,7.406091991572161248e+00
8.055219173328024951e+00,7.537891247322973776e+00
5.892160304966360673e-01,4.312814008923187004e+00
-6.091525548631338438e+00,-1.623521942750160818e+00
1.241708317737329370e+00,4.449991617056920035e+00
-4.394548076365707878e+00,-4.249116500789698048e-01
1.143965872607610068e+00,5.404572970520635344e+00
-6.454453492707235895e+00,7.143551047096541318e-01
8.865970417404551718e-01,2.540495281892477308e+00
1.414215678408222487e+00,3.062404141167502480e+00
-1.375147382176766797e-02,3.132747834655537744e+00
7.632001648830629925e+00,8.132009929859300712e+00
8.483182947086252312e+00,7.844648295073401556e+00
1.574671256338932679e+00,3.684591791918885306e+00
-6.059849635806465962e+00,-1.682257107581978328e+00
-2.607419637572577997e+00,1.399157800979610844e+00
9.932538335121382289e+00,8.349404404872094787e+00
1.126201593915361787e+00,4.742499799057069865e+00
1.572922579750218208e+00,2.993680655174060234e+00
-5.548392509366760983e+00,-2.211426868677517366e-01
7.083291579453110387e+00,9.223656661246820931e+00
9.620102023010217440e-01,5.478123676636975858e+00
-4.662917343279088911e+00,-3.485524410899571990e-01
8.642616975737565710e+00,9.026887952748296584e+00
-2.896416175468996990e+00,9.776452380720482838e-01
8.111995787631474997e+00,6.738138440826284992e+00
1.869921423147897332e+00,5.749822995428377048e+00
-3.509299908876707619e+00,8.010066507547912718e-01
-4.401227312476274633e-03,4.433549877332760403e+00
1.695029651317016217e+00,3.307519283702214263e+00
-3.798054511491657514e-01,5.554619360106903159e+00
-4.054462746284909436e+00,1.169324079250394721e+00
6.696012563373201054e+00,8.125097014202085077e+00
-4.573151661524431866e+00,1.914653146648886417e-01
7.280297115718100898e+00,8.665269779783580262e+00
9.332165700090494509e-01,3.535955775538248247e+00
-4.563447603204456193e+00,-7.562772080427809795e-01
8.244767089277509342e+00,6.569633546729452434e+00
9.165041528333610188e+00,6.962053917989546648e+00
1.461739010144651907e+00,3.380247408914631713e+00
-4.479617007835646980e+00,-5.939848159165204144e-01
1.895746004382910410e+00,2.207189323992392538e+00
8.448519999005023706e+00,8.415805343237064307e+00
-4.396055719156970021e+00,1.201199981538443762e+00
-4.201283305378662902e+00,9.941751691295797055e-01
1.878790146454275778e+00,3.514524429586037613e+00
8.164775368873920414e+00,7.003182264861299799e+00
9.623845471845460242e-02,6.010865508980602456e+00
-5.163217318590126226e+00,-1.837261568204200834e+00
-3.884832502928857956e+00,8.803601882919870336e-03
-5.287624199295300365e+00,3.800274279213915474e-01
1.226917828166104840e+00,5.127629360915467949e+00
6.431208701753174495e+00,8.922836367318032202e+00
1.303515701857865361e+00,5.427042202739757570e+00
2.502106406566099395e+00,4.399672719589007741e+00
7.688820892389709449e+00,6.535807952772071161e+00
4.008494870769966356e-01,3.100800328934265604e+00
5.048290589385951987e-01,4.040113046749056025e+00
-4.728856668530814211e+00,1.419135278294784697e-01
2.855109938678827675e+00,6.478815049612547838e+00
-3.674619561905440257e+00,-1.192541355040307449e-01
9.166430965368643768e-02,5.044257584881578715e+00
4.412496309988040988e-01,4.053502118481487670e+00
5.621895131933294376e-01,4.543291511043047848e+00
-3.958891068362483612e+00,9.422812361097444578e-01
9.714978806178886650e-01,4.335342131193518078e+00
-2.725093198454636045e+00,-2.553888429081199729e-01
8.401698893986115912e-01,3.534689101082477691e+00
9.973303359345501162e-01,4.646485239770402842e+00
-1.615036678043756613e+00,-6.551623075256849393e-01
-3.639829546827579421e+00,5.406481603266433122e-01
2.119879716096505273e+00,6.044711443469580558e+00
9.207204527908849911e-01,3.635768673028135556e+00
-5.628474230824824787e+00,-2.201036955801926265e+00
1.756635466029794035e+00,4.610164371695436358e+00
-4.387418960685492308e+00,-3.378317572484773601e-02
7.266905156160793133e+00,7.435441792780766335e+00
1.532755605594827930e+00,3.730380076212217677e+00
-5.002873052676644505e+00,8.895340134256054521e-01
1.517497734764966966e+00,3.356257938176616218e+00
2.683983322374093650e+00,4.422644827063729522e+00
8.521436899649755148e+00,9.705049993288694665e+00
7.596696760298494944e+00,8.076001810865626851e+00
7.831981712315297273e+00,7.349598324444834851e+00
7.065558596341272590e+00,7.460403177380583450e+00
-2.702712761358658788e-01,3.019234626024968726e+00
-9.291142106822338764e-01,3.003233501371987746e+00
5.997600363613612151e-01,4.887614110601545825e+00
-1.733580781066204501e+00,-1.634834835829087396e+00
7.106755572687283973e+00,6.421606203523746892e+00
2.999322539740900684e-01,4.894422188182200983e+00
8.620821374486663302e+00,8.349004149602263780e+00
-4.450530790592591934e+00,2.605258415157224450e-01
1.247358812512993742e+00,5.355761617916967587e+00
6.715352263661319654e+00,9.530712021206243278e+00
6.450944919120772170e+00,8.494044513011957065e+00
-4.378116138690360870e+00,6.099084597267572239e-01
1.781621453222282936e+00,2.921216591993198719e+00
-4.398441670049643371e+00,9.268586909788688599e-01
7.413579311696065766e-01,4.597965710533840067e+00
-4.521980769981469805e+00,1.589366826503273433e-01
8.630540413678133405e+00,8.502239625737647799e+00
8.647761668681928526e+00,7.575969651939964855e+00
7.564086791508585428e+00,8.869127308511492558e+00
-5.370762327819392112e+00,-1.109418823750842220e+00
-3.641452489345933685e+00,-2.151146666842216892e-01
-5.702879400492727235e+00,-1.302750522913374009e+00
6.855693947314996706e+00,8.140692091774562655e+00
1.998325485749669284e+00,3.061888822250620201e+00
-5.493081926816039129e+00,1.307974367840962771e+00
-4.003378006956410218e+00,-2.690589880047996596e-01
1.920486538250241182e+00,2.297305279877257522e+00
8.059882884385512369e+00,8.731306333413357379e+00
-4.516652493405064028e+00,-2.706088724867211082e-01
1.641203017654338403e+00,4.002443089175171664e+00
3.587005664086986290e-01,5.782387259002800484e+00
7.566881914001111653e+00,8.266279580119652692e+00
8.471456960286634086e+00,8.593519117443497279e+00
4.248793130056338629e-01,3.646539084573621636e+00
-4.556611922121178715e+00,-1.041820933981830177e-01
-5.986393370918930756e+00,1.304149124049036379e+00
-4.376749477919838149e+00,-1.075550243113426729e+00
7.463829417717617432e+00,6.303186956063456137e+00
-3.943917430780632394e+00,6.700627396107883271e-01
2.162316122150356179e-01,4.281173731713046493e+00
7.244870501422424169e+00,7.755434651403592561e+00
7.353599258498444868e+00,7.908791839249079025e+00
8.316350776459140448e+00,8.800976991197400068e+00
7.135532242536513969e+00,7.548430149476979878e+00
7.426825024212107884e+00,8.039436143994953099e+00
-6.738631753969210436e+00,-5.240520631301237575e-02
1.877315665375283160e+00,5.081964583407341252e+00
-9.222529804714119095e-02,3.551603300586294143e+00
-3.778899159441845956e+00,6.239549104744237518e-01
1.952590624501717720e+00,2.670559351341466048e+00
1.269503726795804033e+00,4.658247948691332851e+00
3.299619473652205537e-01,5.867923009986014904e+00
1.609546166282629809e+00,6.233834978138181881e+00
8.349369134960488381e+00,8.298685047635721901e+00
8.816976732122949301e+00,9.057309508680077670e+00
-4.819026805485860265e+00,-1.214389597376225316e+00
-4.980041040937434715e+00,3.058694169023491449e-01
6.729484717673132721e+00,6.282859654638990321e+00
7.782857156101560037e+00,7.295314494751627521e+00
7.587603598756172296e+00,9.082471776594301716e+00
7.743673990928852113e+00,9.024850789350775671e+00
-4.658982449223461941e+00,-1.183200301215918238e+00
6.780382154670464345e+00,8.876002756521252479e+00
-5.191919244012834334e+00,9.717887591622639265e-01
8.110585346867946299e+00,8.724443973868035940e+00
1.604253305082434800e-01,4.123226613767006832e+00
-3.420871488655821135e-01,4.095845980722943480e+00
8.614511995922217169e-01,5.932583755655838509e+00
-3.133657919657121482e+00,-4.252764268693266514e-01
-6.073273943437380584e-01,4.809631904632268196e+00
6.860199295202815684e+00,7.665358317510360564e+00
-4.554907707970893505e+00,7.359329060252486343e-01
9.174387165439798153e+00,7.797037368051042527e+00
8.838417018188334140e+00,8.093466471028014197e+00
-4.570238593650567616e+00,1.201978009984856488e+00
-3.636000954992026024e+00,-8.090277622685060344e-01
7.966058668155667988e+00,8.102440297994322194e+00
8.845887375116783247e+00,8.236924907895501136e+00
8.609546933500309862e+00,7.416302087652185016e+00
8.139645602832308313e+00,6.935092915458002771e+00
9.385170909315698751e-01,4.439024949604938541e+00
-5.771481810941281765e+00,2.164322260170309153e+00
9.746971341655658705e+00,7.629539316448989084e+00
-3.971293873322989221e+00,-6.413927876531848593e-01
-4.930381077005733914e+00,1.581918612900269139e+00
6.938239997967559525e+00,8.746080296087432870e+00
8.902046573469318602e+00,7.256261061007091229e+00
1.057983588133136799e+01,6.659658145622608494e+00
-4.006904602631820467e+00,5.599915488136484321e-01
8.181848546845154502e+00,6.509205798819101219e+00
3.895435480056320676e-01,3.670912559219667415e+00
8.258536049140962731e+00,6.615047505251721915e+00
5.926270265354379063e+00,8.245438869680237204e+00
1.009659272534174423e+00,5.663846809263127113e+00
1.632535934807195055e+00,3.325325005599956363e+00
2.131903236073333208e+00,4.132653085160981732e+00
7.289158502395386208e+00,7.757053499538741903e+00
2.885465607788235243e+00,4.828861564051960542e+00
-1.669150626308116170e+00,4.181377247076746961e+00
-4.769958706526192138e+00,9.954717764100464716e-01
-5.062765360788822555e+00,1.719950704309442191e+00
-3.478251061647577913e+00,4.717868995068537630e-01
9.119859808759549935e+00,7.621981750094994901e+00
-5.884765600931729956e+00,4.574930985562177810e-01
-4.023986098688900448e+00,1.565658475643026959e+00
-5.486525092612293264e+00,1.232089316204954654e+00
2.341981348833281018e+00,5.751117597607656506e+00
-3.660240880877345226e+00,2.295453067312394069e-01
6.076128090408002835e-01,3.525821589301007197e+00
-5.704641033698783836e+00,-6.340559435741527361e-02
2.745375480701806481e+00,4.857008724431519653e+00
-3.848268448479109427e+00,1.035978157351611084e-01
-5.260090799091860170e+00,4.203276625091659224e-02
-2.917167656786416874e+00,1.582878423980054183e+00
-4.954831598985118823e+00,-2.458818314842803332e-02
-4.159402894657501903e+00,5.641686253805178186e-01
-5.579291866155323021e+00,1.454885233802077460e+00
-5.438097467907931915e+00,-2.877855073898230032e-01
-5.148681013670809214e+00,1.444667817367403018e+00
-3.787036986308407460e+00,4.237236438406821182e-01
7.768950441328697387e+00,5.621962763805115948e+00
2.124145551426501743e+00,5.282347107680987364e+00
6.074242544564571133e+00,7.219156605634376334e+00
