-5.527229227513703602e-01,-1.912454530673427522e+00
-1.541116374884419438e+00,-3.436230497497073433e+00
-1.827574199220222351e+00,-5.563153883728626070e+00
-8.968974936998599379e-01,-9.898469512317497276e+00
7.778254064353737895e-01,-1.738006919041453990e+00
-3.939551413543413094e+00,-9.572927986332832262e+00
1.448351001391242621e-01,-2.652006192747099700e+00
1.811100149427137485e+00,-1.502923991500357381e+00
-2.467696757551341324e+00,-5.225662048691466666e+00
-1.225675860287823271e+00,-3.372589496499645456e+00
1.842071006238516162e+00,-1.926813338385900298e+00
-1.185804664191518754e-01,-9.095397315838578578e+00
7.672179941723000773e-01,-8.063519076661472829e-01
5.546421118079702950e-02,-9.178846027264075502e+00
-6.447381994224633539e-01,-7.379246095989604903e+00
4.349331241577749640e-01,-2.761133570140469118e+00
-8.467391707654279287e-01,-4.593121725982976855e+00
-5.427182255999891680e-01,-4.126823394020472158e+00
-5.868199651134784478e-01,-1.119268467077983331e+00
2.411163013904172869e-01,-1.618070038621719275e+00
-3.046624765577231386e+00,-5.005246068361504541e+00
-9.209686253661202304e-01,-8.859254948974241373e+00
-8.466056270833539621e-01,-8.203096133170305393e+00
-1.871529326029604423e+00,-4.069152085095524285e+00
5.341146292401541817e-01,-3.818042823187406398e-01
3.369507142882498529e-01,-1.089833674593689405e+00
-6.755200304039596926e-01,-4.807264127563521505e+00
-2.521592904077308184e+00,-2.413272741334599125e+00
-1.033244448693117157e+00,-1.095025116272945631e+01
8.215233113658075847e-01,-1.981243830876653345e-01
-1.447270731510304831e+00,-1.005808629372720908e+01
-1.873857540042531689e+00,-8.331974795724191196e+00
5.002643007229866656e-01,-1.389634604144196484e+00
-1.075268185438764235e+00,-1.959425286168156477e+00
1.280996729930306000e+00,-5.891012626254301665e-01
-1.655771380238918455e+00,-9.555946126336154478e+00
1.102440529490842369e-01,-1.113315496323360243e+01
-6.406340738253724076e-01,-7.036578437637734940e-01
-1.396860964687230977e+00,-4.900343835026115258e+00
-2.124410197775456144e+00,-1.004129547637005793e+01
-1.891369801463382405e+00,-2.655286503277907606e+00
-1.505512733226186395e-01,-9.968570119663984208e-01
3.106259568865064047e-01,-7.109383164326921190e-01
-4.007612651789912661e+00,-1.126029675655607409e+00
1.347134802552952815e-01,-2.892457049607739528e+00
-2.294565020680088274e+00,-1.059673932647979555e+01
-1.603682027236448704e+00,-9.057650655576292564e+00
9.790680488566054773e-01,-2.951936267336762176e-01
1.301605819167362954e+00,-2.015840202698857553e+00
-1.319672196853530544e+00,-9.155471930055192331e+00
-1.734329811876035077e+00,-8.967104645976725408e+00
-2.757455284136975493e+00,-5.095749261186528933e+00
-6.687611775862074559e-01,-9.433504771573986147e+00
-8.212962167699459082e-01,-3.159146706262304871e+00
-2.970464089321129819e-01,-3.946110257858258752e+00
-9.110399866636735844e-01,-2.386810360999788827e+00
1.414145861359696887e-01,-2.678446241558083862e+00
-2.163227518273827421e+00,-7.936088536970324903e+00
8.000455872887812792e-01,-1.091554359298113397e+00
6.960747735056912466e-01,-2.407863618929260596e+00
-1.477577711204527633e+00,-5.162400124553388814e+00
-1.601036664992312897e+00,-9.231961813707878051e+00
-2.431156401454442673e+00,-1.735150948671811078e+00
-2.378840904155981484e+00,-7.896988307046497013e+00
-1.491374648588932317e+00,-1.113921010787540133e+01
1.634789576766890740e+00,-2.033484017437492408e+00
6.324987213308508327e-01,-9.526738566574238121e+00
1.003283927841004175e+00,-8.147475386866966929e-01
-2.534678570112140594e+00,-4.126728646387825883e+00
-1.618923923189121261e+00,-9.717659394294775765e+00
-7.944564776397531336e-01,-4.731811113435282490e-01
9.423828849382719364e-01,-2.627964431456614403e+00
1.812330258402236050e-01,2.527865743134685150e-01
-7.457317402078995627e-01,-3.148871747679210298e+00
2.908928439696513379e+00,-2.953956988416513774e+00
-2.073329333839213806e+00,-3.118603623097548461e+00
1.538161358614922314e+00,-1.251621196586283569e+00
-1.880622362569246198e+00,-7.866602126378915649e+00
-2.196344183748191625e+00,-2.637966512087577264e+00
-1.078614859942537141e+00,-3.405565608177423265e+00
-1.743821539292543132e+00,-2.817978094126978306e+00
-8.851487367802712836e-01,-1.068528883288689713e+01
1.554413755661607777e+00,-2.304626897718619283e+00
-1.265100234008605939e+00,-4.704471674622339172e+00
-4.602168406255413569e-01,-1.011259404602727052e+01
4.705077046651319206e-01,-1.811464530324434108e+00
-5.676478220656062668e-01,-4.557563766541711914e+00
-3.100376336056799076e+00,-4.503236555520557793e+00
4.884811834551280318e-01,-2.243241028154188577e+00
-6.421568757031332897e-01,-1.821905134447796559e+00
-9.812075832762161554e-01,-2.002147423255738801e+00
-2.698912508308459302e+00,-9.733249481811997228e+00
-1.095259013851468621e+00,-3.519369612775300915e+00
-4.648959157225484029e-01,-1.155639772860494219e+01
-1.000668200615052461e+00,-1.130370663188300995e+01
-4.643172193876823339e-01,-3.326306432899722054e+00
1.893138651577083387e+00,-5.533004636458632719e-01
-1.760087068692575807e+00,-1.050112446291810286e+01
-1.397071642806109404e+00,-3.411528662316823723e+00
-8.996299869449243536e-01,-9.698610632187053326e+00
4.904153520093061935e-01,-4.412436710604781709e+00
-3.025516693361189446e+00,-3.961419211028618381e+00
-2.076774299403262525e+00,-2.627906630384553743e+00
8.163936687916762969e-01,1.386092087215543778e+00
8.329869987411987475e-01,-1.240525664874573497e+00
3.887912159784981947e-01,-1.177735004234157445e+00
2.632214398685358558e-01,-7.335300891371768772e-01
-1.462599580435603785e+00,-1.130974170295608339e+01
-1.453173122385399640e+00,-9.876821764608981979e+00
-1.193377634564120937e+00,-1.246413213052096847e+00
-1.844595389221502568e+00,-1.156928282573089817e+01
-2.072258213077802225e+00,-4.955311191060898679e+00
1.025744275795265725e+00,-2.087730111268139677e+00
-2.042317106642051794e+00,-4.032128359428251763e+00
-1.063985950896242816e+00,-1.134008774956567223e+01
-1.362347332193055038e+00,-9.786141948291831483e+00
-1.213975540325422209e+00,-8.945917012858604522e+00
-2.649740629786193402e+00,-6.811138118642479533e+00
1.422427129250506406e+00,-1.990700503640434604e+00
-1.386718501033583628e+00,-3.081867701635968793e+00
-1.820919184017628645e-01,-1.049935341376412978e+01
-8.540061612627820598e-01,-4.980599156402459649e+00
-5.953419882110153605e-01,-1.118901441399326657e+01
-9.463801373928144578e-01,-1.921194434917406824e+00
-4.413889716518620832e-01,-9.331647413398767910e+00
-8.788091021691871729e-01,-4.763225499999225399e+00
-6.002849730006430962e-01,-4.356002114741613696e+00
-1.833051396723146986e+00,-9.181948550262015729e+00
-9.407276704730990202e-01,-2.034009211999922684e+00
-1.099692150248378519e+00,-8.928311089284362012e+00
-2.238476848835294408e+00,-5.460205479504759651e+00
-2.890601215670887569e+00,-8.981535599472126208e+00
-1.222851010638814184e+00,-9.322386876791954435e+00
-1.341737041781974504e+00,-1.043437251556883183e+01
5.419219087666793389e-02,4.044923615465814137e-01
-2.809493312656142550e+00,-9.789463100190433309e+00
-3.070807448462184119e+00,-3.395414739849365482e+00
1.246173673482365407e+00,-1.872238564877769740e+00
-1.439443842134014995e+00,-5.126972901785050496e+00
1.013754676470833838e+00,-2.404044706529847808e+00
-1.459314580305909548e+00,-2.795086576695684943e+00
2.041638215986305127e+00,-9.607896245103384469e-01
-4.105037596149798684e-01,-1.056856593828461577e+01
1.047093435132630201e+00,3.686543058213853641e-02
-2.146854579091615811e+00,-2.990559742348656957e+00
6.664156203192095340e-02,-6.932417535304474798e-01
-2.358841445545515114e+00,-9.490456992899051869e+00
-9.648258753200851245e-01,-7.615267158179159779e+00
1.134891010905018094e+00,-2.537656087483274536e+00
-2.060672879400320401e-01,-3.072528166642776615e+00
1.410558780860774020e+00,-1.440969231808576057e+00
5.831128158515165305e-01,-1.513494314141210495e+00
1.211445330140102250e+00,-1.335482575616034007e+00
-2.431104901301073262e+00,-9.907997834297443518e+00
2.536424816215966382e-01,-2.239303859625789705e+00
-1.510914965271178634e+00,-8.592353045553732471e+00
7.489004476018376044e-01,-2.775323694698172083e+00
1.359842755280677551e+00,-2.748011964518757289e+00
4.151604088151178429e-01,-1.069861862687815579e+00
1.953571765542915450e+00,-1.525800679664377935e+00
-2.366650110043933442e+00,-9.712392860723271681e+00
-4.926694435343763612e-01,-2.780626088556967357e+00
-7.344445303113067425e-01,-3.755559567641866714e+00
1.284863061571131837e+00,-2.180749415514912304e+00
-2.932302248401505551e+00,-1.015713715244300452e+01
2.314215871931866175e+00,-1.025540363546147304e+00
-6.785861434927250579e-01,-9.477815872727704871e+00
1.782772117984607441e+00,-1.374300105072531863e+00
-1.151021093343767010e-01,-1.883642748115837096e+00
1.794237426255375079e-01,-1.575848448123597256e+00
5.355029648019455912e-01,-1.428172797431125574e+00
-2.087669613196635243e+00,-3.055788866603971421e+00
-3.214988190894758624e+00,-4.320982749781282273e+00
-1.661618438925011043e+00,-9.414986354296029702e+00
-2.322886966395897979e+00,-3.363944135336993213e+00
2.178877031730219738e-01,-2.119747789871527566e+00
1.337192281616309986e+00,-1.455555502695008663e+00
-7.759768284822234907e-01,-3.327481169456771415e+00
1.519585344582859987e-01,5.720433507917213056e-01
8.697757112482545905e-01,-2.373136074137208951e+00
-1.267522852904638064e+00,-3.239045449313084912e+00
-7.031922393537424210e-01,-8.763669668315946737e+00
4.933907785111514288e-01,1.776801552943054752e-01
-2.145634471060016590e+00,-3.220863377876422629e+00
-2.075803898303119510e+00,-3.362145376721850987e+00
-3.530801457807708488e-01,-4.132849930665099869e+00
-1.200471113961502301e+00,-2.814542586916135125e+00
1.433456353855549592e+00,9.491113236887587234e-01
-6.699578707532674038e-01,-9.057978462999301428e+00
-1.469146008625676902e+00,-9.930803964158497976e+00
-2.173711166240029247e+00,-8.729573008271840351e+00
-8.147788051829655265e-01,-3.337600788086652059e+00
1.531643171885987975e+00,-1.682670938953825246e+00
7.720691316079297817e-01,-1.065157293771621383e-01
-4.694287880863770024e-01,-1.910396617969387423e+00
-2.130097459874990662e+00,-1.033381716013059126e+01
-1.886967201960703999e+00,-3.745130557887403899e+00
9.314196179846900847e-01,-1.590224157102225755e+00
2.397779303957751296e+00,-1.795064632484515865e+00
-2.311992777401875365e+00,-4.538659013688007171e+00
-2.361113798671326869e+00,-1.934304113189711183e+00
-1.987576788629029423e+00,-3.164268706179094615e+00
-3.553649862572081375e-01,-3.452471050652983209e+00
-3.982731677721398356e-01,-3.981061201133261562e+00
-1.075748284153581480e+00,-3.142679260090449400e+00
-6.833610208712022072e-01,-4.575408945728798749e+00
9.165211626069109663e-01,-1.041723101323748235e+00
4.246375545976133203e-01,-2.937094959024078022e+00
-1.651621081515732836e+00,-6.320509393896290185e+00
-1.662621766939264001e+00,-4.447543213707874976e+00
-2.128767958260587179e+00,-9.149935715335283604e+00
1.792059866758194175e+00,-3.015081664232342362e+00
4.486535621383311856e-01,-2.929549311652644761e+00
-7.306828102427819216e-01,-3.169274429633790469e+00
-2.762567434982595493e+00,-8.635163471600094454e+00
-2.504163576074888820e+00,-4.943339612542615669e+00
3.350743113517127281e-01,-9.055869152348842377e+00
2.193488409789330351e+00,-9.970617632150826637e-01
-7.286479126135004813e-01,-7.189267350627216224e+00
1.190999471253302744e+00,-9.567160114030577311e-01
1.280566445666417197e+00,-2.494917984723519222e+00
-7.781467206088158450e-01,-3.556986900155824749e+00
-2.209230777161535819e+00,-1.585650614594264374e+00
-3.193200123166967108e-01,-8.723105016275404466e+00
-6.872255930434211235e-01,-4.268161553843794920e+00
-2.368263525961192162e+00,-1.023933091666164152e+01
2.744746342423240115e+00,-5.742174696223105723e-01
-2.145311921376586106e+00,-7.729657201971050107e+00
-7.898802681611135634e-01,-3.650496164009791489e+00
2.928434424439707584e-02,-2.017929557097886129e+00
-2.130137678145428648e+00,-4.094084915357606214e+00
-3.122027050471548826e+00,-3.528064655785814629e+00
-3.049887968933391313e-01,-1.052514940708056068e+00
-2.634802691045905476e+00,-3.619827405651522945e+00
-3.322624527067927325e+00,-1.281999458437480310e+00
1.629961710373374784e+00,-1.334830634022385221e+00
-2.382058968934589238e+00,-5.228989305174229330e+00
1.875760534134880420e-01,-9.817152701966021411e+00
-2.818629963085779178e-01,-2.194052461525497044e+00
-1.183567351763292086e+00,-3.736116284185845959e+00
-6.857928001189453893e-01,-9.559582700827936819e+00
-8.250028991939202250e-01,7.430977910595650826e-01
-3.572519228373200573e+00,-5.692775050080667754e+00
-3.411090215359444677e-01,-6.106307770181476080e-01
-7.589925261833611048e-01,-1.018966974362517419e+01
-1.238562564161521440e+00,-1.059940080855569100e+01
-1.137214097265495827e+00,-3.508198107890565520e+00
-8.982357230332278508e-01,-8.915199921999716892e+00
2.048941122576804386e+00,-6.385200170991374158e-01
-4.813783988922464285e-01,-2.566343269930946303e-01
-1.917756969644226039e+00,-1.066908764982745872e+01
8.361809569149081245e-01,-1.155133130088776161e+00
9.491981298278648893e-01,-2.074168538359317360e+00
-5.142344983211961651e-01,-9.747712101438354537e+00
4.531035443736620705e-01,-1.548063358615561880e+00
-1.978691907096313596e+00,-1.041036728796599320e+01
7.870793056721399061e-01,-1.234184553000161166e+00
1.563171027589838058e-01,-1.701008571001278113e+00
8.179187788156229155e-01,-1.543244739005365185e+00
-1.766420537844246574e+00,-9.810043833438680139e+00
1.029183737577594515e+00,-5.519381010955969336e-01
3.155711969696332275e+00,-6.360009007395405201e-01
7.080592890503345505e-02,-1.812526832842677127e+00
-3.292135726661911121e+00,-5.246592445010773709e+00
-3.646091063775947827e+00,-3.631318459849001368e+00
-1.245713675310406998e-01,-9.736005822786678365e+00
1.398539013812263310e+00,-2.681720622981368596e+00
-2.597669226913962071e+00,-1.150706895527676110e+01
-8.966505530492776543e-01,-1.407228500615659073e+00
3.622862898653791408e-01,-1.223944836071393594e+00
1.332287037614123149e+00,-1.300379641797043462e+00
8.713346676719968542e-02,-8.263589730385882959e+00
-8.229134363417239806e-01,-9.652176914559364107e+00
-2.285542225252647608e+00,-2.523903403224053044e+00
-1.488805586272439418e+00,-9.343857372137213346e+00
-6.425557322828723272e-02,-1.223118263512252835e+00
-7.611770329975419136e-01,-9.974470274896717115e+00
-1.442643193532854973e+00,-2.984503685642768023e+00
-1.874824456078993951e+00,-9.796287206153486693e+00
-3.482145992676128898e-01,-8.013143230722524990e+00
-1.212095098229138745e+00,-4.995617823258140078e+00
-1.092620996938277855e+00,-1.605405329221994304e+00
-2.196155999024501426e+00,-4.786555762479866694e+00
-1.627042488954222987e+00,-9.070031847103802392e+00
-3.102788044089177522e-01,-3.044145952640317176e+00
-9.096574204966905164e-01,-8.121841500769576783e+00
1.710130986963013466e+00,-9.452715391958392832e-01
-3.785560089234319747e+00,-7.655480906307504441e+00
-2.692056082740084122e+00,-3.454990115375879522e+00
-2.068406151640623136e+00,-3.388189102761292482e+00
-2.327783086515359479e+00,-4.188984660727093967e+00
2.191735151843698937e-02,-3.033994654977977268e-01
-9.412503055960552700e-01,-4.851441328584971124e+00
-2.162810778734107320e+00,-8.596731169240806381e+00
8.051041678259129863e-01,-1.067591071010661530e+00
1.393668405211404338e+00,-2.003206337036938844e+00
1.257733161636770181e+00,-2.665626476820029289e+00
-1.851483565043167356e+00,-9.189043296112238579e+00
-8.569232614352132460e-01,-3.220078070178555851e+00
5.552307657049000422e-01,-9.040785491027063969e+00
1.132282084375895614e+00,-2.423956237972777927e+00
-6.938978594391587151e-01,-9.501862655214253550e+00
-1.515995056375847971e+00,-4.188027410300076525e+00
6.168302863923320611e-01,-1.011055451424068075e+01
-1.434511919518039136e+00,-1.123076416725445448e+01
1.402511218619341582e+00,-1.989666270149087701e+00
-2.182348025230426813e+00,-1.007244763891161909e+01
3.161488872470189504e-01,-1.145324711728846978e+00
-7.180608195697768537e-01,-9.797569391276567785e+00
-1.155278310774080275e+00,-8.724973220389621531e+00
-3.097477918369605732e+00,-3.919769502372494330e+00
4.394530307124040469e-01,-1.457681170766558454e+00
7.569261665531926697e-01,2.744528547749198744e-01
-7.183157937833903883e-01,-3.839970256532973636e+00
1.271239506674661790e-01,1.069703300306805716e-01
-2.338054176022263952e+00,-1.039048297836902357e+01
-2.114617164545403050e+00,-1.047843505051635127e+01
1.994720887626044048e+00,-9.904198469781078096e-02
1.331534661808992936e-01,7.776832435654190689e-02
1.425238538500126495e+00,-2.311414876694030340e+00
-2.609448399664445972e+00,-1.022707177769479436e+01
2.531985551501386489e+00,-2.101517134246157603e+00
7.407036753346514235e-01,-1.017801057456938274e+00
-1.093580437173911957e+00,-9.639904587630613975e+00
-5.922777982390174945e-01,-9.089792499121935876e+00
-8.771863532677294240e-01,-5.285938813440640871e+00
-3.069388039710284843e+00,-3.515155700166890274e+00
1.207082618171722910e+00,-9.932836417792824335e+00
-1.923846857316738213e+00,-1.149025989088958610e+01
-3.448720456063197215e+00,-1.014665552952634364e+01
-2.983131127155465023e+00,-3.157285168608274795e+00
-2.527574388771264502e+00,-9.559021613070727952e+00
1.100382503271486900e+00,-1.035705669350062230e+01
-6.867993018852864839e-01,-3.027362433218281357e+00
-2.175574063863013219e+00,-4.544751266035023995e+00
-1.425630860016093848e+00,-3.581394520591262065e+00
-1.699418439312613716e+00,-9.613804261878916790e+00
4.303929615821926902e+00,-2.710419563719959513e+00
9.403848181737595180e-01,-1.230559472185672076e+00
-1.136619647230151298e+00,-2.160677652331971288e+00
1.354756074245298203e+00,8.881790391185560019e-01
-9.768675242511928314e-01,-1.031135020815257874e+01
-3.654504641226178574e+00,-9.422955428161502667e+00
1.868938487751637290e+00,-1.304327789478381128e+00
3.198166934359547575e-02,-2.767580120182105308e+00
-1.330020147479835657e-01,-9.385918378930298900e+00
-1.933352224951960352e+00,-8.639019081870833006e+00
-2.481450501967346067e+00,-3.983981532358495503e+00
-1.658316340184508686e+00,-5.353793996091612328e+00
-2.190167599782478547e+00,-8.305021170758976723e+00
-1.876560866524750182e-01,-3.616404248877278960e+00
1.407353305508529218e+00,-2.316540366813922169e+00
6.852468260161570512e-01,-2.622467290441199417e+00
-4.553989517229432016e-01,-8.233262442845139972e+00
1.327845256177289768e+00,-2.387718694470269298e+00
-6.764304965572977002e-01,-9.561088815464170665e+00
1.970681627402899316e-01,-4.626736132775784993e-01
-9.888679471592802805e-01,-9.678806311566900078e+00
-5.680407297340717143e-01,-1.128219140422809552e+01
-3.196732476169046322e+00,-1.170881665573963559e+01
1.338698927627839375e+00,-1.676355247231627654e+00
-1.174377547462364557e+00,-2.622285586573020133e+00
-9.511758290757822421e-01,-3.612341657337887479e+00
-1.282308402569586558e+00,-9.620767246210800039e+00
-1.041201672208785567e+00,-5.320670691166317079e-01
-3.067207624277410893e+00,-4.164406821053660224e+00
-5.138263246375103233e-01,-4.995426961625345497e-01
-7.558055271495761618e-01,-8.746195787376970898e+00
-4.503129112748165408e-01,-9.145409411792314813e+00
-8.640802080921622386e-01,-9.539322626084073775e+00
5.955438014884469888e-01,-1.292923463523665273e+00
7.005401795407473209e-01,2.913838279970097922e-01
-2.994169368255957586e+00,-9.558114927439543607e+00
-1.314787323161139776e+00,-8.785281611005169466e+00
1.999643443951474531e+00,-8.510614043401901085e+00
-2.781690308399766831e-01,-3.784301904506452097e+00
4.185150804219588849e+00,-2.629779013553694256e+00
-8.107532251952542790e-01,-3.812144451755373087e+00
2.716273103322430771e-02,-2.440040697942749137e+00
-1.957777534487966431e+00,-1.092091439018079235e+01
-3.474067824735087573e-01,-2.205889830915267691e+00
-1.439826087281311340e+00,-8.932528803619554481e+00
-4.693716631074575929e-01,-4.267667676585836567e+00
-2.210094668738865842e+00,-3.427683462383723345e+00
-1.754663468904255286e+00,-2.658784661028020579e+00
8.988864741456448204e-02,-1.301194458670529297e+00
1.314755485978683192e+00,-1.600261958708276921e+00
-1.556281449410662709e+00,-9.998359257174760373e+00
-9.939163480294593844e-01,-3.628937112872473669e+00
9.912966451127881440e-01,-2.525216638327577812e+00
2.771546553728359008e-01,-4.122686216228027334e+00
-3.458949972650948723e+00,-6.529850676165755985e+00
2.211449977989150550e+00,-2.239720784174159540e+00
-9.530349191411879861e-01,-1.093683480842042322e+01
-7.274382615557257736e-01,-1.032191837593367012e+01
2.950849744408894360e-01,-2.550124966048295860e+00
-3.714869533680968949e+00,-9.368748858625524534e+00
-5.498389168769948210e-01,-4.235408224425237123e+00
-9.613247943870230072e-01,-3.804212563445791950e+00
-3.939198557533798439e-01,-1.570218511010535778e+00
-8.852834182191445800e-01,-3.517577724480099644e+00
5.359407291634494808e-01,-2.029192670477967475e+00
-4.910423085776113306e-01,-1.110314916642350447e+01
-1.582467405330998611e+00,-3.544693655819138201e+00
3.843353617772909958e-01,-1.505746285860730449e+00
5.922226631314123635e-01,-8.095696840180504061e-01
-6.232858457755607873e-01,-4.813982947325617934e-01
-3.168791540211340685e+00,-2.212815444905710027e+00
-6.236387693092372286e-01,-3.713994757016691128e+00
-2.406005737857330740e+00,-8.992978697503753338e+00
-9.057382025559168603e-02,-9.460273815585054535e+00
1.498614453387313583e+00,-5.549003115412858289e-01
-1.460810755406110273e+00,-4.252861753604407546e+00
-3.784551941053209578e+00,-5.593325568473897391e+00
1.224566674163060753e+00,-1.717803005383547355e+00
-1.657096631031328871e+00,-3.486957870539113991e+00
-5.725090911189856246e-01,-9.367421485514814350e+00
-2.627893667607826611e+00,-2.684776046719639986e+00
-1.100158457896246222e+00,-3.322023709028203431e+00
-7.668505128505918034e-01,-9.816319488899893031e+00
1.405395664226108066e+00,-1.350298667665146501e+00
1.379228876898522804e+00,-1.029632849917166748e+00
-1.663952205145344143e+00,-2.786844703866419248e+00
5.508446998247034099e-01,-8.541299370704445337e+00
-2.340900993490357074e+00,-8.889808842714494119e+00
-2.379399266288348969e+00,-1.016300600790619946e+01
1.438376439079254610e+00,-1.645818047071418544e+00
4.982471350003975785e-01,-2.320721223252586896e+00
1.367539282853766025e+00,-8.421181927318992511e-01
-1.042505942015824472e+00,-5.018527078842774714e+00
-2.318676230060999544e+00,-3.066486379829168385e+00
-3.401544302203365344e-01,-1.763392824388230862e+00
8.463063699253676742e-01,2.458612399267532389e-01
-3.576620453556798029e-01,-4.038259314616725604e+00
1.569524671648101277e+00,-1.099623722363080702e+00
-2.215970871486909299e+00,-8.746064901980705741e+00
-1.618074106524357125e+00,-9.138262631245625656e+00
-8.724998976594208200e-01,-2.197587873080702359e+00
1.512355114656300348e+00,-7.216279919193767656e-01
1.270336278719735201e+00,-1.095464861124206024e+01
-2.005062619434000215e+00,-4.213802249561523716e+00
1.870761455297793141e+00,-9.358052202755229310e-01
-1.125851933855348763e+00,-4.380264046218216301e+00
-3.066232014727108268e-01,-1.745358946505927156e+00
-1.563621473523235661e+00,-8.943051100651555174e+00
-1.644716959958357094e+00,-1.111908974708883413e+01
-7.860660862246680036e-01,-7.935197717574530074e+00
-2.590372486107740180e+00,-9.118041391562586639e+00
-2.454087213830992376e+00,-4.373381747572743450e+00
-9.808912875372540752e-01,-8.802208185418166408e+00
4.617102313123093715e-01,-9.928976239634819123e+00
-1.199831338850120721e+00,-8.687950767581456901e+00
-7.821618087931040408e-01,-9.354971188135667859e+00
4.630068049502400473e-01,-1.213121748787072685e+00
-3.282031717750518052e+00,-4.087250617093222793e+00
2.929714702113186409e-01,-7.005593543711361448e-01
-1.714496722248906480e+00,-2.637082014957782494e+00
-6.521911577695395090e-01,-3.217661954606472641e+00
-1.933643401194471201e+00,-8.072641379479698287e+00
-1.375213973877678963e+00,-3.896928262197461024e+00
2.106665784753567028e+00,-2.036849481056300259e+00
-3.927352845202587428e-01,-3.373352624302352609e+00
2.683130832800532328e+00,-1.672539935843607495e+00
9.109988308984018346e-02,-1.778644629737384575e+00
-2.826776568424341107e+00,-1.156412729918712401e+01
-2.470728912323034709e-01,-9.810477798142880346e+00
-4.627955472867566478e-01,-3.511062148685598849e+00
-1.717393682511853648e+00,-5.123253792490031877e+00
-2.121119854266428018e+00,-2.470791259483111624e+00
-1.742107305313305154e+00,-9.130586869354427648e+00
-9.595612480785651321e-01,-3.552430145108511184e+00
-2.219100954898799660e+00,-8.852699556242523471e+00
-5.665775094588046956e-01,-6.951740489228726005e+00
-1.589756547685527099e+00,-6.390065184685242983e+00
-1.666130505589028976e+00,-2.265909661024576582e+00
-8.835817984732161623e-01,-9.796092799098104820e+00
-3.058702598484766888e+00,-9.982266852957627279e+00
1.046288943961257711e+00,-1.011552849107862961e+01
-1.501422899891216911e+00,-1.065463098488495675e+01
-1.260800020537735655e+00,-2.730352460364168010e+00
-1.588037346420739349e+00,-9.698306627968397819e+00
-1.134261884016103394e+00,-9.881581419919331921e+00
-2.883793004911762381e+00,-1.352385826186956130e+00
-2.377690088774653265e+00,-4.227968255058653035e+00
-1.748448216718156756e+00,-1.073619567055502877e+01
-1.892853514826494443e+00,-1.087491738044325018e+01
-1.823985338529754863e+00,-9.297173624043814755e+00
7.272284934263929523e-01,-2.272482798332561060e+00
-9.150484407190841996e-01,-8.707393330037474399e+00
-7.050551648500088531e-01,-5.704451902242595907e+00
-2.436801127678066337e+00,-8.247440682077598950e+00
1.376258137441259244e+00,-1.939435214866591650e-01
-2.705233013117456231e+00,-2.495843606440720563e+00
1.158697827282628934e+00,-2.056110731185020413e+00
1.986755152053221618e+00,-2.971117529925025202e+00
1.806925952232423693e+00,-1.205421090336027623e+00
-1.247536487847433317e+00,-1.112203558824701588e+01
-9.380571726538216026e-01,-3.027167665779461725e+00
4.245544202976090364e-01,-1.678085482173338638e+00
-1.083839063078265275e+00,-1.035737173345712492e+01
-2.262857623692796416e+00,-7.394792635944405390e+00
-4.970818698196864949e-01,-9.888538410255986122e+00
-1.920520866786845859e+00,-9.573798652882420157e+00
7.361245883498639397e-01,-1.430530443722809464e+00
-4.506435265465309481e-01,-8.850853396165053510e+00
2.516583591570313860e-01,-1.146732113723481916e+01
-1.136338087458449664e+00,-6.347059129241609199e+00
1.246195483496392864e+00,-2.598985574564587786e+00
5.220590274914940210e-01,-3.534411323012731199e+00
3.440443980122993572e-01,-3.721805605501419034e+00
-4.595376249290985537e-01,-9.970632364702799677e+00
-4.638043503710220783e-02,-2.483520006901687172e+00
-5.281371079450442041e-01,-1.047523634656076474e+01
-1.709586757982768379e-01,-1.124639309171792867e+01
-2.018844093299879905e+00,-3.053955495530849440e+00
1.511085714448541228e+00,-2.018867500709464302e+00
7.510875420109726086e-01,-2.403060148515262728e+00
1.366476538316840905e+00,-1.211620354599698191e+00
-1.444064789499519552e+00,-9.109853202181808385e+00
-3.061465849531908923e+00,-3.260379524736010559e+00
2.277815611107879779e+00,-1.948128012810444343e+00
-5.009353280332811131e-01,-2.919142726795985077e+00
-1.624725627841801412e+00,-1.148355459658892919e+01
-1.374028199883120305e+00,-4.518259201568143091e+00
-2.418745315644802218e+00,-3.313879252668114894e+00
7.904088200553229804e-01,-6.224053845581036803e-01
3.596949225426534280e+00,-3.576359976758013426e-01
-6.074759678069880930e-01,-2.825143261266731098e+00
3.207854107893980400e-01,-2.856179694928873580e+00
-2.180323304452658650e+00,-4.395920125634292575e+00
-1.052617122017153406e+00,-7.990582818656077890e-01
-1.876905612168106252e+00,-3.805658816308438830e+00
-1.521129153423606439e+00,-1.708694117407641766e+00
-3.067981190261075408e-01,-3.560414739318295219e+00
1.160298246063249605e+00,2.477357348063768949e-01
-1.732673510443341280e+00,-4.745981101964717119e+00
-1.802019665529289938e+00,-1.919959932802258962e+00
2.670793621616082358e+00,-2.624713875995491108e+00
-2.129387827596425975e+00,-4.625842723106067922e+00
-1.170150944339166443e+00,-1.139499858173925873e+01
-3.713417294341177399e+00,-4.714915621787621802e+00
1.168390279915960894e+00,-6.472018232729910281e-01
-4.876736099545264658e-02,-5.246062910186961581e+00
-1.469571221872305600e+00,-9.558694028795130748e+00
-1.463358530939506075e+00,-8.461620634072936298e+00
-1.424221269264437151e+00,-3.688542403672320003e+00
-8.360858652202692864e-01,-2.544285106111417782e+00
-2.819730181028122118e+00,-1.905122987033750492e+00
-3.061601982091406882e+00,-3.849248332288539132e+00
9.845289675885404712e-01,-2.209111210539587589e+00
5.497380950812185141e-01,-2.888686546493186569e+00
-1.226684974801989014e+00,-3.895805387743206616e+00
-2.027972906453787250e+00,-9.472450112468848715e+00
-1.505096615042085473e+00,-3.898146066913461105e+00
-1.712772419245229827e-01,-2.169651391658184103e+00
-1.534763407795956436e+00,-3.980071480507970882e+00
1.834864001920447851e+00,-8.492665851551802758e-01
-1.314962994493203530e+00,-3.498353883549064403e+00
-2.019214762088099580e+00,-2.904763192459535404e+00
-4.292249482775380542e+00,-3.271526038359453104e+00
-1.683994226497864233e+00,-1.086599402997803843e+01
-1.871789070781417763e+00,-2.975601239236467244e+00
1.066677839189333676e+00,-9.675835946811115473e-01
-1.937870319608843594e+00,-1.073292376975650164e+01
4.631101493085382215e-01,-2.552759162997846332e+00
1.379247633086164715e+00,-1.495540892013552225e+00
-1.203660224569164772e+00,-4.020230607310659288e+00
-2.130387346232861301e+00,-3.130076815205841356e+00
1.447164141981801322e+00,7.751587335116534305e-01
1.564283076458278243e+00,-1.854550748327608467e+00
-1.330438572266360975e+00,-4.561611436052964486e+00
-1.378922024080218023e+00,-3.926645682031872475e+00
1.540511361084995645e+00,-1.559870016021894124e+00
-1.898477442247603619e+00,-9.102680897735199395e+00
-7.126109410422643009e-02,-1.549379970379115123e+00
-2.895649037239044432e+00,-4.185574766437871297e+00
-2.775522353723583358e+00,-2.328992695744215080e+00
-1.473558812265765017e-01,-9.111170520694933828e+00
-2.387540683435561917e+00,-9.657761504695272947e+00
-1.694566768457999029e-01,-9.854814176378640767e+00
-2.224673867298179175e-01,-8.639106018443044377e+00
1.689866218501935746e+00,-1.028940634865032955e+00
-1.194737523737274598e+00,-8.816141085519946685e+00
-3.834232074322578843e-01,-4.337029462747215902e+00
5.124908952383591121e-01,-9.910488681952019263e+00
-1.297762637150374321e+00,-9.245434440527924735e+00
-1.740050605504834813e+00,-2.500273267350237028e+00
5.224427904672843681e-01,-1.389521618339697229e+00
5.629140038946078839e-01,-3.243829210364529203e+00
3.891176886985366901e-01,-8.733892077926309616e-01
-1.274323224470510052e+00,-2.560860414366536997e+00
2.006542429348499912e+00,4.641786757818198161e-01
1.349685376240350010e+00,-2.546616844527546331e+00
2.357074847316024346e+00,-2.846309980462177869e+00
-1.240031220712029203e+00,-3.267680480920452268e+00
3.787126283722956899e-01,-2.034481572615340461e+00
-1.740162057685141761e-01,-4.123503963414371754e+00
6.968409863710967045e-01,-7.081920489284764253e-01
-9.858040469847358933e-01,-3.260228655447663382e+00
-4.005782299986546668e+00,-4.106008183838931735e+00
8.135129617029952520e-01,-1.697300570481599769e+00
-2.413235230836907164e+00,-9.048382808785483178e+00
1.304965521933792783e+00,-2.034603520003508859e+00
3.300364838266359957e+00,-1.928093297755965718e+00
-1.999355798586602173e+00,-1.006488995802118147e+01
-3.799681253528803815e+00,-8.090312936022792556e+00
-1.005994560720171460e+00,-3.562163429256978375e+00
-2.301516687681991247e+00,-9.049079662462567342e+00
-1.765832159283722946e+00,-3.832888765680581233e+00
8.526206503293745076e-01,-1.539639909189518097e+00
3.374425943038681375e-01,-6.579042591872610313e-01
-1.966064832553910291e+00,-2.607644800457999068e+00
-1.865666704026194722e+00,-2.402811855977342148e+00
-2.266671622088766824e+00,-7.937939024338604099e+00
-2.535529175505783162e+00,-8.543311692168028770e+00
-1.495358349705997902e+00,-1.214555069569828394e+00
-2.067851497479225475e+00,-9.056721691166883303e+00
1.385972720680074266e+00,-1.431090677140612666e+00
1.746907486949502264e+00,-6.439159694464756667e-01
6.219152661406117666e-01,-1.006185840149689170e+01
-9.441935620505650384e-01,-7.577099454261920997e+00
2.681887368027531249e-01,-9.797303406614542354e+00
-1.302635636179269252e+00,-2.769027899272774818e+00
-2.192389191079898936e+00,-3.346792907172680298e+00
8.023249929188877028e-01,-1.918805665746336153e+00
1.383948075051570692e+00,-1.331072445887767852e+00
-1.439933698918435256e+00,-3.663611915740570435e+00
-3.066156059170170867e-01,-2.605011178803304794e+00
-5.962455139452615960e-02,-2.192537638707391601e+00
-3.303465896167778748e+00,-9.213502786963541524e+00
-2.250060854621947826e+00,-4.261295057391760288e+00
-2.613849102668168722e-01,-7.179097074899823738e+00
1.314585353354264186e+00,-2.239999011940372320e+00
1.066600468378475775e-02,-9.117366744960358815e+00
6.530550091891529352e-01,-1.055227168907934754e+01
-6.837718528031606624e-01,-2.042578311451940021e+00
-1.213015773089982208e+00,-4.312263865429644127e+00
-2.114539347704039507e+00,-1.013919381054970792e+01
4.825833714568021904e-01,-2.687057963816814610e+00
3.955922989477463902e-01,-9.556155376724208006e-01
4.013223385927751075e-01,-2.409983348221572896e+00
-6.802815277017026929e-01,-8.932090897983004041e+00
1.371008727376374026e+00,-1.630323787868665608e+00
-1.162305407404592872e+00,-1.001816067227968610e+01
-1.923438580485796301e+00,-2.291462550131944553e+00
-3.450490259000571491e-01,-1.806501358742583774e+00
2.340242159413201684e-01,-6.831143863796014237e-01
-5.006219027864269311e-01,-8.454877412877129572e+00
5.319835699686075170e-01,-1.153774110417921328e+01
-4.056724962387705524e-01,-5.114208567414631368e+00
-1.605151585541710890e+00,-1.004170986967997159e+01
-2.335017631509831659e+00,-1.066423256775699535e+01
1.844433451076973096e+00,-2.242297808394173586e-01
-1.147104760380482924e+00,-3.717227027854476784e+00
9.117353928986575706e-01,-1.333445669314963444e+00
-1.694510554689220516e+00,-9.414161951090152414e+00
-1.461935008490640175e-01,-4.138636660290763380e+00
8.472851466340968196e-01,-2.237850423336174899e+00
1.319580307836020427e+00,2.587824674790097923e-01
-3.537249738230389795e+00,-4.142814111190849857e+00
1.710679426215915289e-01,-1.054640324352088676e+01
-7.356617359958393942e-01,-1.514831865250580334e+00
-1.331139622188032501e+00,-5.135688265603993941e+00
-1.543490034210412976e+00,-1.015883585518524868e+01
-1.354104932034011055e+00,-1.046797172741681514e+01
2.936205200497743029e+00,-2.999593211327673092e+00
1.984909846494940400e+00,-5.005614296412126407e-01
-3.271353702299732102e+00,-2.271416981099451782e+00
4.002680746130756972e+00,-1.141905055370777688e+00
3.072626208810743442e+00,-1.806045781076773604e+00
-1.373299823486012095e+00,-9.345843947386102357e+00
-1.734167331896244724e+00,-3.405159308098599791e+00
-2.333534909267029889e-01,-9.372503320896408141e-01
7.618305198899106845e-01,-1.419776631770520492e+00
-8.530844996044494311e-01,-9.074487614330074337e+00
-2.501531122255693518e+00,-7.676998721862448249e+00
-2.550203041591978526e+00,-3.496780020897845453e+00
1.617803603096628073e+00,-4.241311340449281930e-01
-1.759617797142907669e+00,-3.314210485189944766e+00
-1.912389800298962550e+00,-3.950418176926722591e+00
1.500476161604501257e+00,6.962831468707899596e-01
4.002828466926988682e-01,-9.819481641046258202e-01
1.514205825884177070e+00,-2.845012400161023525e+00
-1.038662328318232575e+00,-8.984049714517436058e+00
-1.646189214234726528e+00,-2.289027638878853743e+00
-2.075766507248954618e+00,-4.926383832425861975e+00
-1.689896878300535477e+00,-2.373291923838110939e+00
1.954353870191760656e+00,-1.770361573916849895e-01
6.094397113966145696e-01,-7.170188683296152554e-02
1.747410530316208854e+00,-1.257626865179349629e+00
-4.577681886533220279e-01,-3.902228117084718395e+00
1.076072037885636989e+00,-2.380946944370148977e+00
-1.299232453681076205e+00,-8.306474143941882105e+00
-3.100143485467133253e+00,-4.596867189890633476e+00
-2.283160680032993994e-01,-2.695529704104755897e+00
-2.680947411971486005e+00,-9.173949836744911934e+00
-3.771744253403883640e-01,-1.800223573164592139e-01
8.896005773564519270e-01,-1.722146800764429830e+00
2.190429393009299730e+00,-1.081764969873164617e+00
-1.352465811593159817e-01,-9.633593050242989619e+00
2.828590666645276031e+00,-8.660354486130263041e+00
-1.866489912636883020e+00,-7.746959019037125138e+00
1.052980510875621389e+00,-2.289877302458765307e+00
-1.258841107350497923e+00,-8.570557848577431415e+00
-7.772205400018820098e-01,-1.072676345004940579e+01
-2.108265686225382574e+00,-3.630867973208275146e+00
-3.305009173190376348e-01,-2.569309368385196191e+00
-6.158805437642947966e-01,-8.746590695701222273e+00
1.417070518203688678e+00,-1.104591152567048873e+00
-2.078450686209729170e+00,-9.475817566310754003e+00
2.802394542687204115e+00,-1.488590056761703639e+00
-1.158996375581596183e+00,-1.032830411538406779e+01
-2.621716042866946150e+00,-2.805373984776961649e+00
-1.758714838747627240e+00,-2.777999367388593654e+00
1.332709329199381898e+00,-4.501591401828949346e-01
3.931513471746628241e-01,-1.141395354299635345e+00
5.303836812058458916e-01,-1.508004897888749918e+00
-8.013830096869201114e-01,-2.028358022355714052e+00
-1.595795167462698450e+00,-1.083147746610771733e+01
6.066237766864703840e-01,-2.178129850927811972e+00
-1.293441708510794985e+00,-1.024979861303549811e+01
-1.190928006677113071e+00,-2.809756908616471094e+00
-1.556190964674506461e-01,-1.097931516894979254e+01
1.299585861374437545e+00,-6.855987106570670120e-01
-2.281095029082311765e+00,-1.717695283319501387e+00
1.683430481192867312e+00,-4.078606446634762683e-01
-6.719402517653589868e-01,-4.494515057916007805e+00
2.265494183329823219e+00,-2.695405274788840622e+00
-2.374443181286739701e+00,-2.624276184020256864e+00
2.272570063073964253e+00,-2.153769046694842260e+00
-9.493876803645504570e-01,-3.078859845703041387e+00
1.448650768920809462e-01,-9.928333260212918177e+00
-1.495152088834972748e+00,-1.055650392737691412e+01
-7.410436365791359670e-01,-1.007763506324864089e+01
-2.347169080943247721e+00,-1.013440650858045267e+01
-1.219639508157012830e+00,-1.082006424331069638e+01
1.429721217382098786e+00,-3.500145820870752544e-01
1.270971374480786675e+00,-2.374227421844716801e+00
-2.797360706092297811e-01,-9.862567880957524125e+00
-1.569681135636873393e-01,-6.079344013055337781e-01
-1.088528310552146827e+00,-1.014368437523642186e+01
-1.942955531378280920e-01,-8.579295968001583006e+00
7.591085584444522416e-01,-3.546237429386698281e+00
1.036790777094773741e-01,-9.333126120040688534e+00
-1.368276804171214334e+00,-2.921043779029398824e+00
-5.849823521129333681e-01,-1.151494190956478647e+01
-1.073412059778424688e+00,-9.552351719400405727e+00
-2.336837820817832423e+00,-2.518292926447467828e+00
-4.809219621249094523e-01,-8.218861700117352953e+00
-2.581422013722058040e+00,-3.156912133063717985e+00
1.003125626555642524e+00,-4.801184737589052620e-01
-2.701319184464051837e+00,-9.634970559119123479e+00
-9.053079033472646309e-01,-3.967616175760360964e+00
4.281301739376646154e-01,-7.284304131225590728e-01
6.464262228094008744e-01,-2.359368437842343624e+00
2.030814464033682931e+00,-1.313745486203269808e+00
8.667449701951657204e-03,-9.346549901271233196e+00
-1.075893978245812788e+00,-8.074779121780803592e+00
1.765953297402136357e+00,-2.312328339446545478e-01
1.771615435278391715e+00,-1.170868841430729335e+00
-2.975232373100770822e+00,-4.139622569771807647e+00
1.405225246809291173e+00,-1.235966497049312052e+00
1.561975151160286401e+00,-1.528034815759055753e+00
-1.231649063033362079e-01,-4.197291349802535265e+00
-1.141146239899359482e+00,-9.362025198777120139e+00
-2.203093566475240905e+00,-5.164215714826542403e+00
3.000239595651665869e-01,3.543230237265728721e-01
-1.287703095573220491e+00,-1.041530602485906698e+01
-1.455098800894684796e+00,-1.091861879567295368e+01
-7.720839830673663640e-01,-3.731157272450320139e+00
-9.198786993223642128e-01,-2.626559285529768140e+00
6.832663826965655884e-01,-2.346884158808419496e+00
-5.839039775484942130e-01,-8.784059091165243416e+00
1.942371285848254914e+00,-1.242645159150729928e+00
-1.100035272224711758e+00,-9.548406407438690735e+00
-1.582038661876465246e+00,-2.524790357704451260e+00
-3.018061461544492730e+00,-8.440651410051444259e+00
-8.739666741293500296e-01,-2.733303066361037370e+00
-3.130505930951401172e+00,-9.150987299443253065e+00
-2.341467701090762965e+00,-9.589992187361158216e+00
-3.208819560138951310e+00,-3.458125571908003515e+00
-1.625410212641259289e+00,-9.529252502133164882e+00
1.689610708250040894e+00,-1.965972568571139778e+00
-2.051998525466521173e+00,-3.016022820673411431e+00
3.745557400581935870e-01,-1.748089650660457295e+00
-1.648787033236235988e+00,-3.874599621319261722e+00
-2.099001157276493501e+00,-9.814114628289622999e+00
1.238391542306225945e+00,-2.847500497493909766e+00
-1.506474734977124141e+00,-2.252581482435992655e+00
-2.141312549758866979e-02,-4.727041532630504861e-02
8.237978288105629598e-02,6.886111868018329751e-01
-1.057962001927922113e+00,-5.238498144217498265e+00
1.201252577859640125e+00,-1.078792628161546086e+00
1.721486390727941185e+00,-3.549491646092071129e+00
-1.307202520270236423e+00,-2.933294683387523971e+00
7.451062221231301574e-01,-1.199980360506344379e+00
-6.737275703065117582e-01,-1.068234345424478926e+00
4.753152334206098839e-01,-7.122659075851267563e-01
-1.590616865918764278e+00,-3.647536992488318752e+00
-4.939558873366369784e-01,-9.287306667783946423e+00
-2.109237246174703539e+00,-9.393765145033842856e+00
9.584941626896821276e-01,-2.449213732894831352e+00
2.380239669992752383e+00,-1.499456534984522804e+00
-1.787175759411025355e+00,-9.739524789663208892e+00
-1.199717145133290419e+00,-6.940865322055357334e-01
-2.158209850400266916e+00,-9.637909533826796604e+00
-7.275865720942060744e-01,-3.637283568191485905e+00
-1.478536713692028215e+00,-3.126055489018241040e+00
-3.183923100102855841e+00,-1.067961574175925143e+01
3.618126803120220725e-01,-9.169777656779952935e+00
-1.912434912185179137e-01,-8.146163611610859334e+00
-2.151030933765815334e+00,-3.121213701009296848e+00
1.658106915179042407e+00,1.041885840888910675e+00
-1.968037161442365068e+00,-4.316439477922228818e+00
-1.128904781842994254e+00,-8.716405882479705269e+00
-7.994421109979940043e-01,-4.065078470787827136e+00
-1.739038600350223396e+00,-2.819960671414036835e+00
8.226128211306256155e-01,-3.821246920252922230e+00
-7.174328790305669612e-01,-9.645990420735628845e+00
2.116681381595826306e-01,-3.296907265373783869e+00
-2.792721073119012409e+00,-3.178776459069619253e+00
1.745519722991983436e+00,-7.967551694713416177e-01
6.904021454395417035e-01,-4.935814791529872236e-01
-3.148192611723688472e+00,-7.750290697461705847e+00
-4.919514065706763972e+00,-4.115370280283798365e+00
-1.298986187742138476e+00,-1.549346932921804809e+00
-2.142633043286571226e+00,-1.122434826768469129e+01
-3.269245568640781752e-01,-9.826717328431120890e+00
-2.256062704204216729e+00,-3.676190652184418983e+00
-7.808465892485871862e-02,-7.348394273345386640e-01
-1.892196707327735039e+00,-9.832737824534946824e+00
3.409910205131807537e-01,-8.768792089962675007e+00
-2.618072626708774386e+00,-2.940250504341460847e+00
8.098922511219249776e-01,-1.099216261176080289e+00
2.000485171478379343e+00,-1.160891765203046599e+00
-1.340335733572945776e+00,-3.550612807290201456e+00
-6.483030333755583907e-01,-9.063882632915909454e+00
1.464549450873396053e+00,-2.087702205079821738e+00
-2.657859888656020075e+00,-8.295426687755806938e+00
2.067610970012600191e+00,7.025586299730488538e-01
-1.623524284132619178e+00,-4.484875623265684119e+00
5.463452870691428709e-01,-1.883776750106377573e+00
-2.559658841010441943e+00,-8.748825350028301528e+00
2.570139735714676910e+00,-2.700251732548077044e+00
1.446951330651818246e+00,-1.674716767155347785e+00
-6.598020626621466933e-01,-2.953527198267622111e+00
-1.749196220692420090e+00,-3.815481726819834218e+00
-1.978272954742817724e+00,-9.241524165169288096e+00
-2.185097848180768576e+00,-4.683236995598174524e+00
5.228212189494896300e-01,-2.666516255587731088e+00
-5.547486978028662863e-01,-9.840949822587203855e+00
1.506314624247520495e+00,-6.028100665961284577e-01
-6.803864278816720290e-01,-7.943677900868431063e-01
-2.154954768008672694e+00,-3.275389997408767684e+00
-1.508349515353959003e+00,-1.155108762610762341e+01
-1.892477703450553994e+00,-4.300486760042661949e+00
9.190085060872265066e-01,-1.992374600009552799e+00
-4.993476011372481871e-01,-1.053731500200798799e+01
1.401197920244603434e+00,-1.287141941221589425e+00
-1.023531505158629118e+00,-1.047025441221179598e+01
1.070304324233163351e-01,-2.369444421498162257e+00
-2.019994894029531807e+00,-1.262057092087892407e+00
1.248791525433052385e+00,-2.052063670173495780e+00
-1.200517547146393582e-01,-1.035549123029527507e+00
9.643137119375055910e-01,-1.208695870703007103e-01
1.102783405968898567e+00,-2.495463897932831188e+00
-3.320425005888639980e+00,-9.435219840300476335e+00
-1.023793565582694853e+00,-8.713850280937045056e+00
-1.280092195688328660e+00,-8.939122791293144132e+00
6.016657488477433757e-01,-1.428025160355322676e+00
-1.456348023684979731e+00,-1.059943721407589123e+01
-1.317777537726886994e+00,-1.757851906728298275e+00
9.678471362592722116e-02,-4.025266056423499883e+00
2.527605018456405617e+00,-2.309245096392831709e+00
8.972912875198519878e-01,-6.625805856816059380e-01
-4.538828998338872989e-01,-3.565839831859241027e+00
-2.464748900534091902e+00,-3.539758521734437835e+00
-3.165165913994782976e-02,-1.072720191649652399e+01
-5.325030153806570299e-01,-9.714372364490950318e+00
2.761546989319342060e+00,-1.677037330734580056e+00
-5.630699191816459503e-01,-3.236740406926809754e+00
7.055458479464564725e-01,-1.263492091779613080e+00
-7.173970700445492232e-01,-1.006354612089639566e+01
2.088791816830019243e+00,-2.497720116543076685e+00
1.300470147050059921e+00,9.195974257652808070e-01
-2.477834820166073815e-01,-3.065672500325660632e+00
-4.213290981889890041e-01,-1.751980333376120358e+00
1.028359795199272453e+00,-1.096766877664765216e+00
-8.898055073491627498e-01,-8.505965951213608989e+00
-7.782447503786115162e-01,-1.032568906727203562e+01
-1.190564686274899309e+00,-3.244961271216251220e+00
-2.029776523306272118e+00,-3.375632058795489776e+00
-1.452489786306051744e+00,-3.464697101845537031e+00
-4.299835515008805231e-01,-4.331362933616023980e+00
-2.815422866289335246e+00,-2.747360375133923505e+00
-1.180602691838725571e+00,-1.188570141626889765e+01
-4.424861631939036588e-01,-9.613157766694017781e+00
6.228801755120607631e-01,-9.520301370487718184e-01
1.877608556469302359e+00,-1.144665958807235873e+00
-1.328121202883559171e+00,-2.667441253604809326e+00
-3.420999339812147433e+00,-3.167031195989459036e+00
-7.115349893407185711e-02,-1.621796640395055222e+00
-2.560997135102595301e+00,-9.171629086057421887e+00
-1.428249148337226604e+00,-7.980038448185595712e+00
1.418050600377308790e+00,-3.800466640349551284e-01
-2.454547034976521935e+00,-3.939209320022302840e+00
-2.151054070560247666e+00,-9.655036749894927439e+00
-1.345511637499000157e+00,-8.715359459907078943e+00
-9.274981695261617087e-01,-1.740835865532615490e+00
-2.317657720487256157e+00,-3.399475540415599628e+00
-1.593610154153333625e+00,-8.710463625372762309e+00
-1.277742622836342878e+00,-8.775722825191660803e+00
1.347920174627272649e+00,-3.510220473181297596e+00
-1.624191331153838291e+00,-2.871496609294075686e+00
2.168498323625611679e-01,-1.101258647103461463e+01
-1.955868476399072797e+00,-3.514141855551520255e+00
-3.628814794804492427e-01,-8.205648462623361894e+00
1.257828231694507970e+00,-2.886079971406796396e-01
-2.061400431051463311e+00,-3.410575202299560793e+00
1.536218801619989360e+00,-7.084761037093035840e-01
-2.363031514357019525e+00,-1.043810088350710785e+01
1.002437682387787632e+00,-9.977254211656667593e+00
-7.612658302484515138e-01,-9.117027358295848316e+00
-1.463478692216456212e+00,-1.064128225971878194e+01
-1.065704586649713903e-01,-1.182507855444213618e+01
-8.311955551244591955e-01,-2.491047189123173577e+00
-1.215996847810083992e+00,-3.496221835421298607e+00
1.593098018228089607e+00,3.633170887437937591e-01
-2.414420440190543360e+00,-1.018889625100596064e+01
1.421187265935759392e-01,-2.304532946664486381e+00
1.856781658229911702e+00,-2.198434027731434703e+00
-1.811261837894759363e+00,-3.949083724628331904e+00
6.871804378432431193e-01,-1.852685334662471428e+00
-1.622152237090830340e-01,-9.755717452305699311e+00
-1.429693309807823276e+00,-9.723915963573878329e+00
1.236123848592483032e+00,6.866678070153642288e-01
-1.416425515310404837e+00,-2.905725770554411724e+00
-1.679880405289940093e+00,-4.091370519486153157e+00
-1.460143050791994357e+00,-3.739296001157427884e+00
-5.824387744531223099e-01,-3.836038817416381086e+00
9.129439655367188600e-01,-2.585775958816095788e+00
-1.968164330178230337e+00,-3.849204352473865942e+00
-2.475101852084808485e+00,-9.969405907634039110e+00
-1.383062988421024375e+00,-8.812246334201867981e+00
2.101846539446872164e-02,-1.048278051657506715e+01
-1.883242749317916243e+00,-9.439517734245180591e+00
-1.644581048772583376e+00,-1.035745484110756820e+01
1.812456391283943979e+00,-2.549364362811147533e+00
-1.165002919892374589e+00,-2.648162958092139974e+00
1.722308605021586558e+00,-1.149566712536522761e-01
4.705944675499708074e-01,-1.722564410984601002e+00
1.488837952920357033e+00,-1.565373273960905420e+00
-4.023813148838798703e+00,-3.813094675713933235e+00
-7.473521422523402569e-01,-3.329747532286825962e+00
-2.710804917202658260e+00,-3.463780630802637539e+00
-9.035560461258838050e-01,-9.616955127745356435e+00
-1.311595806386842700e+00,-4.052319983620835231e+00
-1.383454125460599871e+00,-8.633124796543816259e+00
-7.551410672624717657e-01,-3.102896410243761061e+00
1.093846967424274119e+00,-8.993911022890396234e-01
1.576303233942739634e+00,-7.820248223580720248e-01
-1.584188395961240392e+00,-6.896180495377624453e+00
-1.943844913100764016e+00,-3.651570661738298806e+00
-1.765856815452713668e+00,-3.309208669872721220e+00
2.955619203897630776e+00,1.065846867228068540e-01
-2.733466306816713320e+00,-9.819493140798401853e+00
-4.092611925517155580e-01,-8.888668566661049653e+00
7.907381752679963904e-01,-1.961060400607530507e+00
-1.066943279214074725e+00,-7.928961929768012951e+00
-1.383483131753596496e+00,-3.048652747921670958e+00
-1.601915443032770225e+00,-3.909931973143243589e+00
-1.549158917375938360e+00,-7.250108574555569341e+00
1.636203801399290114e+00,-2.225265894501037955e+00
-4.092573410224151775e-01,-3.018547009452566598e+00
-2.032723076297384690e-01,-9.044065131581380257e+00
-2.519170580037810581e-01,-1.020335508955207615e+01
1.282502093274444643e+00,-8.932546607855845755e-01
1.695263082482039607e+00,-1.649688078270951763e+00
2.304555641884033168e+00,-3.293628843444863730e+00
-2.074974401722859962e+00,-9.886761630261403866e+00
-1.845312164968969215e+00,-3.721728200991219815e+00
-9.941674603877181937e-02,-1.511808804216232538e+00
-1.914781262339287249e+00,-8.973079120758741922e+00
-1.110308785019046507e+00,-2.044926989376917970e+00
-2.303616941957955078e+00,-9.929650186786542321e+00
-1.610777800647502422e+00,-9.194267161282093426e+00
-1.827432904564516125e+00,-3.883685959794643150e+00
-1.592372626818568504e+00,-7.336797274331136265e+00
-5.251230690134913726e-01,1.654188235215423575e-01
-1.394523254190045414e+00,-9.979649557363932999e+00
-1.951016435433444718e+00,-4.313384171009467138e+00
1.626960366584223827e+00,-2.262051906217013908e+00
2.385379672674315721e+00,-2.382303825017771715e+00
8.079433465905256906e-01,-3.998489339906607931e-02
-2.346239695214193954e-01,-8.112459339041205197e+00
2.734474114548157253e+00,-3.596584967139845546e+00
-2.781142046967459258e+00,-1.199691481958636530e+01
-3.038319028550515277e+00,-3.284770105690795194e+00
-4.669044168886560264e-01,8.272306732562615394e-01
-1.804993624280122333e+00,-1.007128404685775180e+01
